Field Site,Transplant Site,Transplant Zone,Transect,Plot #,Origin Zone,Origin Site,SA - zone,SA- sitexzone,Genotype.Origin,Genotype.ID,Genotype.Rep,Week.to.death,Surivial_Dec,Status_Dec_survive=0
SBI,Bowen's Island,Short,1,1,Tall,FJ,allopatric,allopatric,TFJ,TFJ 9,A,30,1,0
SBI,Bowen's Island,Short,1,2,Short,BI,sympatric,sympatric,SBI,SBI 10,B,30,1,0
SBI,Bowen's Island,Short,1,3,Short,FJ,sympatric,allopatric,SFJ,SFJ 25,F,30,1,0
SBI,Bowen's Island,Short,1,4,Tall,BI,allopatric,allopatric,TBI,TBI 14,D,30,1,0
SBI,Bowen's Island,Short,1,5,Tall,BI,allopatric,allopatric,TBI,TBI 1,D,30,1,0
SBI,Bowen's Island,Short,1,6,Tall,FJ,allopatric,allopatric,TFJ,TFJ 5,B,30,1,0
SBI,Bowen's Island,Short,1,7,Tall,FB,allopatric,allopatric,TFB,TFB 1,F,30,1,0
SBI,Bowen's Island,Short,1,8,Short,FB,sympatric,allopatric,SFB,SFB 9,B,30,1,0
SBI,Bowen's Island,Short,1,9,Short,BI,sympatric,sympatric,SBI,SBI 9,D,30,1,0
SBI,Bowen's Island,Short,1,10,Short,FB,sympatric,allopatric,SFB,SFB 23,G,30,1,0
SBI,Bowen's Island,Short,1,11,Tall,FJ,allopatric,allopatric,TFJ,TFJ 19,E,30,1,0
SBI,Bowen's Island,Short,1,12,Tall,FB,allopatric,allopatric,TFB,TFB 25,H,30,1,0
SBI,Bowen's Island,Short,1,13,Short,FJ,sympatric,allopatric,SFJ,SFJ 9,D,30,1,0
SBI,Bowen's Island,Short,1,14,Tall,BI,allopatric,allopatric,TBI,TBI 17,D,30,1,0
SBI,Bowen's Island,Short,1,15,Short,FB,sympatric,allopatric,SFB,SFB 19,B,30,1,0
SBI,Bowen's Island,Short,1,16,Short,BI,sympatric,sympatric,SBI,SBI 6,A,30,1,0
SBI,Bowen's Island,Short,1,17,Short,FB,sympatric,allopatric,SFB,SFB 11,B,30,1,0
SBI,Bowen's Island,Short,1,18,Tall,FB,allopatric,allopatric,TFB,TFB 4,E,30,1,0
SBI,Bowen's Island,Short,1,19,Tall,FB,allopatric,allopatric,TFB,TFB 13,E,30,1,0
SBI,Bowen's Island,Short,1,20,Tall,BI,allopatric,allopatric,TBI,TBI 19,A,30,1,0
SBI,Bowen's Island,Short,1,21,Short,FJ,sympatric,allopatric,SFJ,SFJ 12,F,30,1,0
SBI,Bowen's Island,Short,1,22,Tall,FJ,allopatric,allopatric,TFJ,TFJ 16,E,30,1,0
SBI,Bowen's Island,Short,1,23,Short,FJ,sympatric,allopatric,SFJ,SFJ 20,H,30,1,0
SBI,Bowen's Island,Short,1,24,Tall,BI,allopatric,allopatric,TBI,TBI 3,C,7,0,1
SBI,Bowen's Island,Short,1,25,Short,BI,sympatric,sympatric,SBI,SBI 2,C,30,1,0
SBI,Bowen's Island,Short,1,26,Short,BI,sympatric,sympatric,SBI,SBI 1,D,30,1,0
SBI,Bowen's Island,Short,1,27,Short,FB,sympatric,allopatric,SFB,SFB 12,C,30,1,0
SBI,Bowen's Island,Short,1,28,Tall,FB,allopatric,allopatric,TFB,TFB 17,B,30,1,0
SBI,Bowen's Island,Short,1,29,Short,FJ,sympatric,allopatric,SFJ,SFJ 7,A,30,1,0
SBI,Bowen's Island,Short,1,30,Tall,FJ,allopatric,allopatric,TFJ,TFJ 17,D,30,1,0
SBI,Bowen's Island,Short,2,1,Tall,FB,allopatric,allopatric,TFB,TFB 12,F,30,1,0
SBI,Bowen's Island,Short,2,2,Tall,FJ,allopatric,allopatric,TFJ,TFJ 1,G,30,1,0
SBI,Bowen's Island,Short,2,3,Tall,BI,allopatric,allopatric,TBI,TBI 22,H,30,1,0
SBI,Bowen's Island,Short,2,4,Short,BI,sympatric,sympatric,SBI,SBI 16,F,30,1,0
SBI,Bowen's Island,Short,2,5,Short,FB,sympatric,allopatric,SFB,SFB 4,B,30,1,0
SBI,Bowen's Island,Short,2,6,Short,FJ,sympatric,allopatric,SFJ,SFJ 8,C,30,1,0
SBI,Bowen's Island,Short,2,7,Tall,BI,allopatric,allopatric,TBI,TBI 6,G,30,1,0
SBI,Bowen's Island,Short,2,8,Tall,FJ,allopatric,allopatric,TFJ,TFJ 15,D,30,1,0
SBI,Bowen's Island,Short,2,9,Tall,BI,allopatric,allopatric,TBI,TBI 11,A,30,1,0
SBI,Bowen's Island,Short,2,10,Short,BI,sympatric,sympatric,SBI,SBI 15,C,30,1,0
SBI,Bowen's Island,Short,2,11,Tall,FJ,allopatric,allopatric,TFJ,TFJ 20,C,30,1,0
SBI,Bowen's Island,Short,2,12,Tall,FB,allopatric,allopatric,TFB,TFB 10,D,30,1,0
SBI,Bowen's Island,Short,2,13,Short,FJ,sympatric,allopatric,SFJ,SFJ 22,E,30,1,0
SBI,Bowen's Island,Short,2,14,Short,FJ,sympatric,allopatric,SFJ,SFJ 16,H,30,1,0
SBI,Bowen's Island,Short,2,15,Tall,FB,allopatric,allopatric,TFB,TFB 7,B,30,1,0
SBI,Bowen's Island,Short,2,16,Short,FB,sympatric,allopatric,SFB,SFB 25,G,30,1,0
SBI,Bowen's Island,Short,2,17,Tall,FB,allopatric,allopatric,TFB,TFB 3,C,30,1,0
SBI,Bowen's Island,Short,2,18,Short,BI,sympatric,sympatric,SBI,SBI 19,E,30,1,0
SBI,Bowen's Island,Short,2,19,Short,BI,sympatric,sympatric,SBI,SBI 7,G,30,1,0
SBI,Bowen's Island,Short,2,20,Short,FJ,sympatric,allopatric,SFJ,SFJ 6,A,30,1,0
SBI,Bowen's Island,Short,2,21,Tall,FB,allopatric,allopatric,TFB,TFB 5,E,30,1,0
SBI,Bowen's Island,Short,2,22,Tall,BI,allopatric,allopatric,TBI,TBI 4,B,30,1,0
SBI,Bowen's Island,Short,2,23,Short,BI,sympatric,sympatric,SBI,SBI 20,E,30,1,0
SBI,Bowen's Island,Short,2,24,Tall,BI,allopatric,allopatric,TBI,TBI 21,D,30,1,0
SBI,Bowen's Island,Short,2,25,Tall,FJ,allopatric,allopatric,TFJ,TFJ 24,F,30,1,0
SBI,Bowen's Island,Short,2,26,Short,FB,sympatric,allopatric,SFB,SFB 6,A,30,1,0
SBI,Bowen's Island,Short,2,27,Tall,FJ,allopatric,allopatric,TFJ,TFJ 13,D,14,0,1
SBI,Bowen's Island,Short,2,28,Short,FB,sympatric,allopatric,SFB,SFB 15,D,30,1,0
SBI,Bowen's Island,Short,2,29,Short,FB,sympatric,allopatric,SFB,SFB 2,C,30,1,0
SBI,Bowen's Island,Short,2,30,Short,FJ,sympatric,allopatric,SFJ,SFJ 13,A,30,1,0
SFB,Folly Beach,Short,1,1,Tall,FB,allopatric,allopatric,TFB,TFB 13,F,30,1,0
SFB,Folly Beach,Short,1,2,Short,FJ,sympatric,allopatric,SFJ,SFJ 25,D,30,1,0
SFB,Folly Beach,Short,1,3,Tall,BI,allopatric,allopatric,TBI,TBI 14,B,30,1,0
SFB,Folly Beach,Short,1,4,Short,FJ,sympatric,allopatric,SFJ,SFJ 20,F,30,1,0
SFB,Folly Beach,Short,1,5,Tall,BI,allopatric,allopatric,TBI,TBI 6,D,30,1,0
SFB,Folly Beach,Short,1,6,Short,BI,sympatric,allopatric,SBI,SBI 7,H,30,1,0
SFB,Folly Beach,Short,1,7,Short,FB,sympatric,sympatric,SFB,SFB 6,G,30,1,0
SFB,Folly Beach,Short,1,8,Tall,FJ,allopatric,allopatric,TFJ,TFJ 24,H,30,1,0
SFB,Folly Beach,Short,1,9,Tall,FJ,allopatric,allopatric,TFJ,TFJ 20,E,30,1,0
SFB,Folly Beach,Short,1,10,Short,BI,sympatric,allopatric,SBI,SBI 1,A,30,1,0
SFB,Folly Beach,Short,1,11,Tall,BI,allopatric,allopatric,TBI,TBI 1 ,C,30,1,0
SFB,Folly Beach,Short,1,12,Tall,FB,allopatric,allopatric,TFB,TFB 25,D,30,1,0
SFB,Folly Beach,Short,1,13,Short,BI,sympatric,allopatric,SBI,SBI 9,G,30,1,0
SFB,Folly Beach,Short,1,14,Short,FB,sympatric,sympatric,SFB,SFB 4,G,30,1,0
SFB,Folly Beach,Short,1,15,Tall,FJ,allopatric,allopatric,TFJ,TFJ 17,A,30,1,0
SFB,Folly Beach,Short,1,16,Tall,FJ,allopatric,allopatric,TFJ,TFJ 5,C,30,1,0
SFB,Folly Beach,Short,1,17,Short,BI,sympatric,allopatric,SBI,SBI 10,D,30,1,0
SFB,Folly Beach,Short,1,18,Tall,BI,allopatric,allopatric,TBI,TBI 19,G,30,1,0
SFB,Folly Beach,Short,1,19,Tall,BI,allopatric,allopatric,TBI,TBI 22,F,30,1,0
SFB,Folly Beach,Short,1,20,Tall,FB,allopatric,allopatric,TFB,TFB 4,C,30,1,0
SFB,Folly Beach,Short,1,21,Tall,FB,allopatric,allopatric,TFB,TFB 10,C,30,1,0
SFB,Folly Beach,Short,1,22,Tall,FB,allopatric,allopatric,TFB,TFB 5,C,30,1,0
SFB,Folly Beach,Short,1,23,Short,FB,sympatric,sympatric,SFB,SFB 12,A,30,1,0
SFB,Folly Beach,Short,1,24,Short,FB,sympatric,sympatric,SFB,SFB 11,E,30,1,0
SFB,Folly Beach,Short,1,25,Short,FJ,sympatric,allopatric,SFJ,SFJ 16,C,30,1,0
SFB,Folly Beach,Short,1,26,Tall,FJ,allopatric,allopatric,TFJ,TFJ 15,F,10,0,1
SFB,Folly Beach,Short,1,27,Short,FB,sympatric,sympatric,SFB,SFB 15,A,30,1,0
SFB,Folly Beach,Short,1,28,Short,FJ,sympatric,allopatric,SFJ,SFJ 8,G,30,1,0
SFB,Folly Beach,Short,1,29,Short,BI,sympatric,allopatric,SBI,SBI 16,H,30,1,0
SFB,Folly Beach,Short,1,30,Short,FJ,sympatric,allopatric,SFJ,SFJ 9,H,14,0,1
SFB,Folly Beach,Short,2,1,Tall,FJ,allopatric,allopatric,TFJ,TFJ 1 ,F,30,1,0
SFB,Folly Beach,Short,2,2,Tall,BI,allopatric,allopatric,TBI,TBI 3,G,30,1,0
SFB,Folly Beach,Short,2,3,Tall,FJ,allopatric,allopatric,TFJ,TFJ 16,D,30,1,0
SFB,Folly Beach,Short,2,4,Short,FB,sympatric,sympatric,SFB,SFB 2,F,22,0,1
SFB,Folly Beach,Short,2,5,Tall,BI,allopatric,allopatric,TBI,TBI 21,H,30,1,0
SFB,Folly Beach,Short,2,6,Short,FJ,sympatric,allopatric,SFJ,SFJ 7,H,30,1,0
SFB,Folly Beach,Short,2,7,Short,BI,sympatric,allopatric,SBI,SBI 20,H,30,1,0
SFB,Folly Beach,Short,2,8,Short,FJ,sympatric,allopatric,SFJ,SFJ 6,B,30,1,0
SFB,Folly Beach,Short,2,9,Tall,BI,allopatric,allopatric,TBI,TBI 4,G,30,1,0
SFB,Folly Beach,Short,2,10,Short,BI,sympatric,allopatric,SBI,SBI 15,A,30,1,0
SFB,Folly Beach,Short,2,11,Tall,BI,allopatric,allopatric,TBI,TBI 17,F,30,1,0
SFB,Folly Beach,Short,2,12,Short,BI,sympatric,allopatric,SBI,SBI 19,B,30,1,0
SFB,Folly Beach,Short,2,13,Tall,FB,allopatric,allopatric,TFB,TFB 3,G,30,1,0
SFB,Folly Beach,Short,2,14,Short,FB,sympatric,sympatric,SFB,SFB 19,A,30,1,0
SFB,Folly Beach,Short,2,15,Tall,FB,allopatric,allopatric,TFB,TFB 7,D,30,1,0
SFB,Folly Beach,Short,2,16,Tall,FJ,allopatric,allopatric,TFJ,TFJ 19,C,30,1,0
SFB,Folly Beach,Short,2,17,Tall,FJ,allopatric,allopatric,TFJ,TFJ 13,F,22,0,1
SFB,Folly Beach,Short,2,18,Short,BI,sympatric,allopatric,SBI,SBI 6,C,30,1,0
SFB,Folly Beach,Short,2,19,Tall,BI,allopatric,allopatric,TBI,TBI 11,H,30,1,0
SFB,Folly Beach,Short,2,20,Tall,FJ,allopatric,allopatric,TFJ,TFJ 9,E,30,1,0
SFB,Folly Beach,Short,2,21,Short,BI,sympatric,allopatric,SBI,SBI 2 ,E,30,1,0
SFB,Folly Beach,Short,2,22,Tall,FB,allopatric,allopatric,TFB,TFB 17,C,30,1,0
SFB,Folly Beach,Short,2,23,Short,FJ,sympatric,allopatric,SFJ,SFJ 13,C,30,1,0
SFB,Folly Beach,Short,2,24,Short,FB,sympatric,sympatric,SFB,SFB 9,C,22,0,1
SFB,Folly Beach,Short,2,25,Short,FJ,sympatric,allopatric,SFJ,SFJ 22,D,30,1,0
SFB,Folly Beach,Short,2,26,Tall,FB,allopatric,allopatric,TFB,TFB 12,A,30,1,0
SFB,Folly Beach,Short,2,27,Short,FJ,sympatric,allopatric,SFJ,SFJ 12,D,30,1,0
SFB,Folly Beach,Short,2,28,Short,FB,sympatric,sympatric,SFB,SFB 25,B,30,1,0
SFB,Folly Beach,Short,2,29,Short,FB,sympatric,sympatric,SFB,SFB 23,B,30,1,0
SFB,Folly Beach,Short,2,30,Tall,FB,allopatric,allopatric,TFB,TFB 1,B,30,1,0
SFJ,Fort Johnson,Short,1,1,Short,FJ,sympatric,sympatric,SFJ,SFJ 20,D,30,1,0
SFJ,Fort Johnson,Short,1,2,Tall,FB,allopatric,allopatric,TFB,TFB 1,A,30,1,0
SFJ,Fort Johnson,Short,1,3,Tall,FJ,allopatric,allopatric,TFJ,TFJ 13,A,10,0,1
SFJ,Fort Johnson,Short,1,4,Tall,FJ,allopatric,allopatric,TFJ,TFJ 9,C,7,0,1
SFJ,Fort Johnson,Short,1,5,Short,FJ,sympatric,sympatric,SFJ,SFJ 25,H,30,1,0
SFJ,Fort Johnson,Short,1,6,Short,FB,sympatric,allopatric,SFB,SFB 4,D,30,1,0
SFJ,Fort Johnson,Short,1,7,Short,BI,sympatric,allopatric,SBI,SBI 1,C,30,1,0
SFJ,Fort Johnson,Short,1,8,Short,FB,sympatric,allopatric,SFB,SFB 6,E,30,1,0
SFJ,Fort Johnson,Short,1,9,Tall,FJ,allopatric,allopatric,TFJ,TFJ 15,B,30,1,0
SFJ,Fort Johnson,Short,1,10,Short,FJ,sympatric,sympatric,SFJ,SFJ 22,F,30,1,0
SFJ,Fort Johnson,Short,1,11,Tall,FB,allopatric,allopatric,TFB,TFB 5,D,30,1,0
SFJ,Fort Johnson,Short,1,12,Tall,BI,allopatric,allopatric,TBI,TBI 14,C,30,1,0
SFJ,Fort Johnson,Short,1,13,Short,BI,sympatric,allopatric,SBI,SBI 10,A,30,1,0
SFJ,Fort Johnson,Short,1,14,Short,BI,sympatric,allopatric,SBI,SBI 16,G ,30,1,0
SFJ,Fort Johnson,Short,1,15,Tall,FJ,allopatric,allopatric,TFJ,TFJ 24,D,30,1,0
SFJ,Fort Johnson,Short,1,16,Tall,FB,allopatric,allopatric,TFB,TFB 7,C,30,1,0
SFJ,Fort Johnson,Short,1,17,Short,FJ,sympatric,sympatric,SFJ,SFJ 8,F,30,1,0
SFJ,Fort Johnson,Short,1,18,Tall,BI,allopatric,allopatric,TBI,TBI 6,A,30,1,0
SFJ,Fort Johnson,Short,1,19,Tall,FJ,allopatric,allopatric,TFJ,TFJ 5,G ,30,1,0
SFJ,Fort Johnson,Short,1,20,Short,FJ,sympatric,sympatric,SFJ,SFJ 13,F,30,1,0
SFJ,Fort Johnson,Short,1,21,Tall,BI,allopatric,allopatric,TBI,TBI 11,C,30,1,0
SFJ,Fort Johnson,Short,1,22,Short,BI,sympatric,allopatric,SBI,SBI 20,C,4,0,1
SFJ,Fort Johnson,Short,1,23,Tall,FB,allopatric,allopatric,TFB,TFB 3,A,30,1,0
SFJ,Fort Johnson,Short,1,24,Short,FB,sympatric,allopatric,SFB,SFB 25,C,30,1,0
SFJ,Fort Johnson,Short,1,25,Tall,BI,allopatric,allopatric,TBI,TBI 1,A,30,1,0
SFJ,Fort Johnson,Short,1,26,Tall,BI,allopatric,allopatric,TBI,TBI 4,D,4,0,1
SFJ,Fort Johnson,Short,1,27,Tall,FB,allopatric,allopatric,TFB,TFB 4,A,30,1,0
SFJ,Fort Johnson,Short,1,28,Short,FB,sympatric,allopatric,SFB,SFB 12,F,30,1,0
SFJ,Fort Johnson,Short,1,29,Short,BI,sympatric,allopatric,SBI,SBI 6,G,4,Alive june 04,0
SFJ,Fort Johnson,Short,1,30,Short,FB,sympatric,allopatric,SFB,SFB 9,D,10,July alive,0
SFJ,Fort Johnson,Short,2,1,Short,FJ,sympatric,sympatric,SFJ,SFJ 7,E,7,0,1
SFJ,Fort Johnson,Short,2,2,Tall,FJ,allopatric,allopatric,TFJ,TFJ 17,F,30,1,0
SFJ,Fort Johnson,Short,2,3,Short,FB,sympatric,allopatric,SFB,SFB 15,E,30,1,0
SFJ,Fort Johnson,Short,2,4,Short,FJ,sympatric,sympatric,SFJ,SFJ 6,F,30,1,0
SFJ,Fort Johnson,Short,2,5,Tall,FB,allopatric,allopatric,TFB,TFB 12,B,30,1,0
SFJ,Fort Johnson,Short,2,6,Short,FJ,sympatric,sympatric,SFJ,SFJ 9,E,30,1,0
SFJ,Fort Johnson,Short,2,7,Short,FB,sympatric,allopatric,SFB,SFB 23,E,30,1,0
SFJ,Fort Johnson,Short,2,8,Short,BI,sympatric,allopatric,SBI,SBI 9,E,30,1,0
SFJ,Fort Johnson,Short,2,9,Tall,BI,allopatric,allopatric,TBI,TBI 3,D,30,1,0
SFJ,Fort Johnson,Short,2,10,Short,FJ,sympatric,sympatric,SFJ,SFJ 16,G,30,1,0
SFJ,Fort Johnson,Short,2,11,Tall,FJ,allopatric,allopatric,TFJ,TFJ 19,A,30,1,0
SFJ,Fort Johnson,Short,2,12,Tall,FB,allopatric,allopatric,TFB,TFB 17,F,30,1,0
SFJ,Fort Johnson,Short,2,13,Short,FJ,sympatric,sympatric,SFJ,SFJ 12,C,4,0,1
SFJ,Fort Johnson,Short,2,14,Tall,BI,allopatric,allopatric,TBI,TBI 19,H,30,1,0
SFJ,Fort Johnson,Short,2,15,Tall,FJ,allopatric,allopatric,TFJ,TFJ 1 ,B,30,1,0
SFJ,Fort Johnson,Short,2,16,Short,BI,sympatric,allopatric,SBI,SBI 19,H,30,1,0
SFJ,Fort Johnson,Short,2,17,Short,BI,sympatric,allopatric,SBI,SBI 15,F,30,1,0
SFJ,Fort Johnson,Short,2,18,Tall,BI,allopatric,allopatric,TBI,TBI 21,E,30,1,0
SFJ,Fort Johnson,Short,2,19,Tall,FJ,allopatric,allopatric,TFJ,TFJ 16,H,30,1,0
SFJ,Fort Johnson,Short,2,20,Tall,FB,allopatric,allopatric,TFB,TFB 13,C,30,1,0
SFJ,Fort Johnson,Short,2,21,Short,FB,sympatric,allopatric,SFB,SFB 2,B,30,1,0
SFJ,Fort Johnson,Short,2,22,Short,BI,sympatric,allopatric,SBI,SBI 2 ,H,30,1,0
SFJ,Fort Johnson,Short,2,23,Tall,FB,allopatric,allopatric,TFB,TFB 10,G ,30,1,0
SFJ,Fort Johnson,Short,2,24,Tall,FJ,allopatric,allopatric,TFJ,TFJ 20,H,30,1,0
SFJ,Fort Johnson,Short,2,25,Short,FB,sympatric,allopatric,SFB,SFB 11,H,30,1,0
SFJ,Fort Johnson,Short,2,26,Tall,BI,allopatric,allopatric,TBI,TBI 17,B,30,1,0
SFJ,Fort Johnson,Short,2,27,Tall,FB,allopatric,allopatric,TFB,TFB 25,E,4,0,1
SFJ,Fort Johnson,Short,2,28,Tall,BI,allopatric,allopatric,TBI,TBI 22,E,30,1,0
SFJ,Fort Johnson,Short,2,29,Short,BI,sympatric,allopatric,SBI,SBI 7,B,30,1,0
SFJ,Fort Johnson,Short,2,30,Short,FB,sympatric,allopatric,SFB,SFB 19,G,30,1,0
TFB,Folly Beach,Tall,1,1,Short,FB,allopatric,allopatric,SFB,SFB 9,E,22,0,1
TFB,Folly Beach,Tall,1,2,Tall,BI,sympatric,allopatric,TBI,TBI 3,B,22,0,1
TFB,Folly Beach,Tall,1,3,Tall,FJ,sympatric,allopatric,TFJ,TFJ 5,F,10,0,1
TFB,Folly Beach,Tall,1,4,Short,FB,allopatric,allopatric,SFB,SFB 12,D,30,0,1
TFB,Folly Beach,Tall,1,5,Short,FJ,allopatric,allopatric,SFJ,SFJ 7,G,22,0,1
TFB,Folly Beach,Tall,1,6,Tall,FB,sympatric,sympatric,TFB,TFB 12,C,30,0,1
TFB,Folly Beach,Tall,1,7,Short,FB,allopatric,allopatric,SFB,SFB 4,E,7,0,1
TFB,Folly Beach,Tall,1,8,Short,BI,allopatric,allopatric,SBI,SBI 7,F,7,0,1
TFB,Folly Beach,Tall,1,9,Tall,FJ,sympatric,allopatric,TFJ,TFJ 19,B,7,0,1
TFB,Folly Beach,Tall,1,10,Short,FJ,allopatric,allopatric,SFJ,SFJ 22,H,30,1,0
TFB,Folly Beach,Tall,1,11,Short,BI,allopatric,allopatric,SBI,SBI 19,A,30,1,0
TFB,Folly Beach,Tall,1,12,Tall,FJ,sympatric,allopatric,TFJ,TFJ 20,G,30,1,0
TFB,Folly Beach,Tall,1,13,Tall,BI,sympatric,allopatric,TBI,TBI 17,E,7,0,1
TFB,Folly Beach,Tall,1,14,Tall,FB,sympatric,sympatric,TFB,TFB 4,Z,7,0,1
TFB,Folly Beach,Tall,1,15,Short,BI,allopatric,allopatric,SBI,SBI 10,F,14,0,1
TFB,Folly Beach,Tall,1,16,Short,FB,allopatric,allopatric,SFB,SFB 19,D,4,0,1
TFB,Folly Beach,Tall,1,17,Short,FB,allopatric,allopatric,SFB,SFB 6,C,10,0,1
TFB,Folly Beach,Tall,1,18,Tall,BI,sympatric,allopatric,TBI,TBI 4,E,7,0,1
TFB,Folly Beach,Tall,1,19,Short,FJ,allopatric,allopatric,SFJ,SFJ 16,B,10,0,1
TFB,Folly Beach,Tall,1,20,Short,BI,allopatric,allopatric,SBI,SBI 15,E,10,0,1
TFB,Folly Beach,Tall,1,21,Tall,BI,sympatric,allopatric,TBI,TBI 22,A,4,0,1
TFB,Folly Beach,Tall,1,22,Short,FJ,allopatric,allopatric,SFJ,SFJ 25,C,7,0,1
TFB,Folly Beach,Tall,1,23,Tall,FJ,sympatric,allopatric,TFJ,TFJ 17,E,10,0,1
TFB,Folly Beach,Tall,1,24,Tall,BI,sympatric,allopatric,TBI,TBI 21,G,7,0,1
TFB,Folly Beach,Tall,1,25,Tall,FB,sympatric,sympatric,TFB,TFB 5,A,7,0,1
TFB,Folly Beach,Tall,1,26,Tall,FJ,sympatric,allopatric,TFJ,TFJ 15,C,10,0,1
TFB,Folly Beach,Tall,1,27,Tall,FB,sympatric,sympatric,TFB,TFB 1,E,22,0,1
TFB,Folly Beach,Tall,1,28,Short,BI,allopatric,allopatric,SBI,SBI 2,G,22,0,1
TFB,Folly Beach,Tall,1,29,Tall,FB,sympatric,sympatric,TFB,TFB 7,E,30,1,0
TFB,Folly Beach,Tall,1,30,Short,FJ,allopatric,allopatric,SFJ,SFJ 13,B,14,0,1
TFB,Folly Beach,Tall,2,1,Tall,BI,sympatric,allopatric,TBI,TBI 11,F,22,0,1
TFB,Folly Beach,Tall,2,2,Short,BI,allopatric,allopatric,SBI,SBI 6,E,30,1,0
TFB,Folly Beach,Tall,2,3,Tall,FJ,sympatric,allopatric,TFJ,TFJ 5,E,30,1,0
TFB,Folly Beach,Tall,2,4,Tall,FJ,sympatric,allopatric,TFJ,TFJ 9,D,14,0,1
TFB,Folly Beach,Tall,2,5,Tall,FB,sympatric,sympatric,TFB,TFB 3,B,14,0,1
TFB,Folly Beach,Tall,2,6,Tall,BI,sympatric,allopatric,TBI,TBI 14,E,30,1,0
TFB,Folly Beach,Tall,2,7,Tall,BI,sympatric,allopatric,TBI,TBI 1,F,10,0,1
TFB,Folly Beach,Tall,2,8,Tall,FB,sympatric,sympatric,TFB,TFB 17,H,30,1,0
TFB,Folly Beach,Tall,2,9,Short,FJ,allopatric,allopatric,SFJ,SFJ 12,G,4,0,1
TFB,Folly Beach,Tall,2,10,Tall,FJ,sympatric,allopatric,TFJ,TFJ 1,E,30,1,0
TFB,Folly Beach,Tall,2,11,Short,FB,allopatric,allopatric,SFB,SFB 2,,30,1,0
TFB,Folly Beach,Tall,2,12,Tall,FB,sympatric,sympatric,TFB,TFB 10,A,14,0,1
TFB,Folly Beach,Tall,2,13,Short,BI,allopatric,allopatric,SBI,SBI 16,D,14,0,1
TFB,Folly Beach,Tall,2,14,Short,FJ,allopatric,allopatric,SFJ,SFJ 6,D,7,0,1
TFB,Folly Beach,Tall,2,15,Short,BI,allopatric,allopatric,SBI,SBI 1,H,30,1,0
TFB,Folly Beach,Tall,2,16,Tall,BI,sympatric,allopatric,TBI,TBI 19,C,22,0,1
TFB,Folly Beach,Tall,2,17,Short,FB,allopatric,allopatric,SFB,SFB 11,D,14,0,1
TFB,Folly Beach,Tall,2,18,Short,FJ,allopatric,allopatric,SFJ,SFJ 20,A,14,"many NA, then dead in Aug??",1
TFB,Folly Beach,Tall,2,19,Short,FB,allopatric,allopatric,SFB,SFB 23,C,14,0,1
TFB,Folly Beach,Tall,2,20,Tall,BI,sympatric,allopatric,TBI,TBI 6,B,22,0,1
TFB,Folly Beach,Tall,2,21,Short,FB,allopatric,allopatric,SFB,SFB 15,F,30,1,0
TFB,Folly Beach,Tall,2,22,Tall,FJ,sympatric,allopatric,TFJ,TFJ 24,B,30,1,0
TFB,Folly Beach,Tall,2,23,Short,FJ,allopatric,allopatric,SFJ,SFJ 8,A,30,1,0
TFB,Folly Beach,Tall,2,24,Tall,FB,sympatric,sympatric,TFB,TFB 13,B,30,1,0
TFB,Folly Beach,Tall,2,25,Short,BI,allopatric,allopatric,SBI,SBI 20,D,30,1,0
TFB,Folly Beach,Tall,2,26,Tall,FB,sympatric,sympatric,TFB,TFB 25,A,30,1,0
TFB,Folly Beach,Tall,2,27,Short,FJ,allopatric,allopatric,SFJ,SFJ 9,C,30,1,0
TFB,Folly Beach,Tall,2,28,Short,FB,allopatric,allopatric,SFB,SFB 25,H,30,1,0
TFB,Folly Beach,Tall,2,29,Tall,FJ,sympatric,allopatric,TFJ,TFJ 13,B,30,1,0
TFB,Folly Beach,Tall,2,30,Short,BI,allopatric,allopatric,SBI,SBI 9,A,14,0,1
TFJ,Fort Johnson,Tall,1,1,Tall,BI,sympatric,allopatric,TBI,TBI 17,G,30,1,0
TFJ,Fort Johnson,Tall,1,2,Short,FJ,allopatric,allopatric,SFJ,SFJ 7,F,18,0,1
TFJ,Fort Johnson,Tall,1,3,Short,BI,allopatric,allopatric,SBI,SBI 2,A,14,0,1
TFJ,Fort Johnson,Tall,1,4,Tall,FJ,sympatric,sympatric,TFJ,TFJ 20,D,14,0,1
TFJ,Fort Johnson,Tall,1,5,Tall,FB,sympatric,allopatric,TFB,TFB 12,E,14,0,1
TFJ,Fort Johnson,Tall,1,6,Short,FB,allopatric,allopatric,SFB,SFB 19,C,14,0,1
TFJ,Fort Johnson,Tall,1,7,Tall,FJ,sympatric,sympatric,TFJ,TFJ 17,B,30,1,0
TFJ,Fort Johnson,Tall,1,8,Tall,FJ,sympatric,sympatric,TFJ,TFJ 9,F,30,1,0
TFJ,Fort Johnson,Tall,1,9,Short,BI,allopatric,allopatric,SBI,SBI 9,C,30,1,0
TFJ,Fort Johnson,Tall,1,10,Tall,FB,sympatric,allopatric,TFB,TFB 1,C,30,1,0
TFJ,Fort Johnson,Tall,1,11,Short,FB,allopatric,allopatric,SFB,SFB 25,A,14,0,1
TFJ,Fort Johnson,Tall,1,12,Short,BI,allopatric,allopatric,SBI,SBI 16,E,10,0,1
TFJ,Fort Johnson,Tall,1,13,Tall,BI,sympatric,allopatric,TBI,TBI 19,E,30,1,0
TFJ,Fort Johnson,Tall,1,14,Short,FJ,allopatric,allopatric,SFJ,SFJ 13,E,30,1,0
TFJ,Fort Johnson,Tall,1,15,Tall,FB,sympatric,allopatric,TFB,TFB 25,F,22,0,1
TFJ,Fort Johnson,Tall,1,16,Tall,BI,sympatric,allopatric,TBI,TBI 4,C,14,0,1
TFJ,Fort Johnson,Tall,1,17,Tall,FB,sympatric,allopatric,TFB,TFB 10,H,14,0,1
TFJ,Fort Johnson,Tall,1,18,Short,BI,allopatric,allopatric,SBI,SBI 20,A,4,0,1
TFJ,Fort Johnson,Tall,1,19,Short,FJ,allopatric,allopatric,SFJ,SFJ 6,H,30,1,0
TFJ,Fort Johnson,Tall,1,20,Tall,FJ,sympatric,sympatric,TFJ,TFJ 15,A,14,0,1
TFJ,Fort Johnson,Tall,1,21,Short,FB,allopatric,allopatric,SFB,SFB 23,D,4,0,0
TFJ,Fort Johnson,Tall,1,22,Tall,BI,sympatric,allopatric,TBI,TBI 14,A,10,0,1
TFJ,Fort Johnson,Tall,1,23,Short,BI,allopatric,allopatric,SBI,SBI 19,D,30,1,0
TFJ,Fort Johnson,Tall,1,24,Short,FJ,allopatric,allopatric,SFJ,SFJ 16,F,30,1,0
TFJ,Fort Johnson,Tall,1,25,Short,FJ,allopatric,allopatric,SFJ,SFJ 9,F,14,0,1
TFJ,Fort Johnson,Tall,1,26,Short,FB,allopatric,allopatric,SFB,SFB 6,B,14,0,1
TFJ,Fort Johnson,Tall,1,27,Tall,FB,sympatric,allopatric,TFB,TFB 7,G,30,1,0
TFJ,Fort Johnson,Tall,1,28,Short,FB,allopatric,allopatric,SFB,SFB 15,C,4,0,1
TFJ,Fort Johnson,Tall,1,29,Tall,BI,sympatric,allopatric,TBI,TBI 3,A,30,1,0
TFJ,Fort Johnson,Tall,1,30,Tall,FJ,sympatric,sympatric,TFJ,TFJ 16,Z,14,0,1
TFJ,Fort Johnson,Tall,2,1,Tall,FJ,sympatric,sympatric,TFJ,TFJ 5,A,14,0,1
TFJ,Fort Johnson,Tall,2,2,Tall,FJ,sympatric,sympatric,TFJ,TFJ 13,E,30,1,0
TFJ,Fort Johnson,Tall,2,3,Tall,FB,sympatric,allopatric,TFB,TFB 17,E,30,1,0
TFJ,Fort Johnson,Tall,2,4,Tall,FJ,sympatric,sympatric,TFJ,TFJ 1,C,30,1,0
TFJ,Fort Johnson,Tall,2,5,Tall,BI,sympatric,allopatric,TBI,TBI 21,F,30,1,0
TFJ,Fort Johnson,Tall,2,6,Tall,BI,sympatric,allopatric,TBI,TBI 11,B,30,1,0
TFJ,Fort Johnson,Tall,2,7,Tall,BI,sympatric,allopatric,TBI,TBI 6,E,30,1,0
TFJ,Fort Johnson,Tall,2,8,Short,FJ,allopatric,allopatric,SFJ,SFJ 20,B,30,1,0
TFJ,Fort Johnson,Tall,2,9,Short,FJ,allopatric,allopatric,SFJ,SFJ 12,E,30,1,0
TFJ,Fort Johnson,Tall,2,10,Short,BI,allopatric,allopatric,SBI,SBI 6,F,30,1,0
TFJ,Fort Johnson,Tall,2,11,Short,BI,allopatric,allopatric,SBI,SBI 7,E,30,1,0
TFJ,Fort Johnson,Tall,2,12,Short,FB,allopatric,allopatric,SFB,SFB 9,F,14,0,1
TFJ,Fort Johnson,Tall,2,13,Short,FB,allopatric,allopatric,SFB,SFB 11,F,30,1,0
TFJ,Fort Johnson,Tall,2,14,Short,FJ,allopatric,allopatric,SFJ,SFJ 8,E,30,1,0
TFJ,Fort Johnson,Tall,2,15,Short,FB,allopatric,allopatric,SFB,SFB 2,G,18,0,1
TFJ,Fort Johnson,Tall,2,16,Tall,FJ,sympatric,sympatric,TFJ,TFJ 24,E,30,1,0
TFJ,Fort Johnson,Tall,2,17,Short,BI,allopatric,allopatric,SBI,SBI 15,D,30,1,0
TFJ,Fort Johnson,Tall,2,18,Short,BI,allopatric,allopatric,SBI,SBI 1,F,10,0,1
TFJ,Fort Johnson,Tall,2,19,Tall,BI,sympatric,allopatric,TBI,TBI 1,G,30,1,0
TFJ,Fort Johnson,Tall,2,20,Short,FJ,allopatric,allopatric,SFJ,SFJ 25,B,30,1,0
TFJ,Fort Johnson,Tall,2,21,Short,FB,allopatric,allopatric,SFB,SFB 12,E,4,0,1
TFJ,Fort Johnson,Tall,2,22,Tall,FJ,sympatric,sympatric,TFJ,TFJ 19,F,30,1,0
TFJ,Fort Johnson,Tall,2,23,Short,BI,allopatric,allopatric,SBI,SBI 10,H,30,1,0
TFJ,Fort Johnson,Tall,2,24,Tall,FB,sympatric,allopatric,TFB,TFB 13,A,10,NA-alive in July,1
TFJ,Fort Johnson,Tall,2,25,Short,FB,allopatric,allopatric,SFB,SFB 4,A,10,NA - prior so maybe dead before,0
TFJ,Fort Johnson,Tall,2,26,Tall,FB,sympatric,allopatric,TFB,TFB 4,D,30,1,0
TFJ,Fort Johnson,Tall,2,27,Tall,FB,sympatric,allopatric,TFB,TFB 3,F,10,NA-alive in July,1
TFJ,Fort Johnson,Tall,2,28,Tall,BI,sympatric,allopatric,TBI,TBI 22,C,4,NA,0
TFJ,Fort Johnson,Tall,2,29,Tall,FB,sympatric,allopatric,TFB,TFB 3,E,14,NA,1
TFJ,Fort Johnson,Tall,2,30,Short,FJ,allopatric,allopatric,SFJ,SFJ 22,C,10,NA,1
TBI,Bowen's Island,Tall,1,1,Short,FJ,allopatric,,SFJ,SFJ 13,D,10,0,1
TBI,Bowen's Island,Tall,1,2,Short,FJ,allopatric,,SFJ,SFJ 7,B,10,0,1
TBI,Bowen's Island,Tall,1,3,Tall,BI,sympatric,,TBI,TBI 14,F,10,0,1
TBI,Bowen's Island,Tall,1,4,Tall,FB,sympatric,,TFB,TFB 7,H,18,0,1
TBI,Bowen's Island,Tall,1,5,Short,FJ,allopatric,,SFJ,SFJ 8,B,7,0,1
TBI,Bowen's Island,Tall,1,6,Short,FJ,allopatric,,SFJ,SFJ 22,G,7,0,1
TBI,Bowen's Island,Tall,1,7,Tall,BI,sympatric,,TBI,TBI 11,D,7,0,1
TBI,Bowen's Island,Tall,1,8,Short,BI,allopatric,,SBI,SBI 10,G,14,0,1
TBI,Bowen's Island,Tall,1,9,Short,FB,allopatric,,SFB,SFB 11,A,14,0,1
TBI,Bowen's Island,Tall,1,10,Tall,FJ,sympatric,,TFJ,TFJ 20,F,7,0,1
TBI,Bowen's Island,Tall,1,11,Short,BI,allopatric,,SBI,SBI 20,F,7,0,1
TBI,Bowen's Island,Tall,1,12,Short,FB,allopatric,,SFB,SFB 9,A,7,0,1
TBI,Bowen's Island,Tall,1,13,Short,FB,allopatric,,SFB,SFB 23,F,7,0,1
TBI,Bowen's Island,Tall,1,14,Tall,FJ,sympatric,,TFJ,TFJ 15,E,7,0,1
TBI,Bowen's Island,Tall,1,15,Short,BI,allopatric,,SBI,SBI 2,B,7,0,1
TBI,Bowen's Island,Tall,1,16,Short,BI,allopatric,,SBI,SBI 6,B,22,0,1
TBI,Bowen's Island,Tall,1,17,Tall,FJ,sympatric,,TFJ,TFJ 1,H,7,0,1
TBI,Bowen's Island,Tall,1,18,Tall,FJ,sympatric,,TFJ,TFJ 19,D,7,0,1
TBI,Bowen's Island,Tall,1,19,Short,FJ,allopatric,,SFJ,SFJ 6,G,7,0,1
TBI,Bowen's Island,Tall,1,20,Tall,FB,sympatric,,TFB,TFB 17,D,10,0,1
TBI,Bowen's Island,Tall,1,21,Tall,FB,sympatric,,TFB,TFB 10,F,10,0,1
TBI,Bowen's Island,Tall,1,22,Tall,BI,sympatric,,TBI,TBI 6,C,7,0,1
TBI,Bowen's Island,Tall,1,23,Tall,BI,sympatric,,TBI,TBI 1,B,10,0,1
TBI,Bowen's Island,Tall,1,24,Tall,FB,sympatric,,TFB,TFB 5,B,22,0,1
TBI,Bowen's Island,Tall,1,25,Tall,FB,sympatric,,TFB,TFB 12,D,4,0,1
TBI,Bowen's Island,Tall,1,26,Short,FB,allopatric,,SFB,SFB 15,B,10,0,1
TBI,Bowen's Island,Tall,1,27,Short,FB,allopatric,,SFB,SFB 6,F,7,0,1
TBI,Bowen's Island,Tall,1,28,Short,BI,allopatric,,SBI,SBI 7,D,7,0,1
TBI,Bowen's Island,Tall,1,29,Tall,FJ,sympatric,,TFJ,TFJ 17,E,4,0,1
TBI,Bowen's Island,Tall,1,30,Tall,FB,sympatric,,TFB,TFB 4,B,7,0,1
TBI,Bowen's Island,Tall,2,1,Short,FB,allopatric,,SFB,SFB 2,E,14,0,1
TBI,Bowen's Island,Tall,2,2,Tall,FJ,sympatric,,TFJ,TFJ 9,B,18,0,1
TBI,Bowen's Island,Tall,2,3,Short,FB,allopatric,,SFB,SFB 25,F,18,0,1
TBI,Bowen's Island,Tall,2,4,Short,BI,allopatric,,SBI,SBI 19,G,10,0,1
TBI,Bowen's Island,Tall,2,5,Tall,FB,sympatric,,TFB,TFB 1,D,7,0,1
TBI,Bowen's Island,Tall,2,6,Tall,BI,sympatric,,TBI,TBI 4,H,4,0,1
TBI,Bowen's Island,Tall,2,7,Short,FJ,allopatric,,SFJ,SFJ 20,E,18,0,1
TBI,Bowen's Island,Tall,2,8,Tall,FJ,sympatric,,TFJ,TFJ 24,C,7,0,1
TBI,Bowen's Island,Tall,2,9,Tall,FJ,sympatric,,TFJ,TFJ 16,G,7,0,1
TBI,Bowen's Island,Tall,2,10,Short,BI,allopatric,,SBI,SBI 16,A,7,0,1
TBI,Bowen's Island,Tall,2,11,Short,BI,allopatric,,SBI,SBI 15,G,7,0,1
TBI,Bowen's Island,Tall,2,12,Tall,FJ,sympatric,,TFJ,TFJ 13,C,7,0,1
TBI,Bowen's Island,Tall,2,13,Tall,FB,sympatric,,TFB,TFB 3,D,4,0,1
TBI,Bowen's Island,Tall,2,14,Tall,BI,sympatric,,TBI,TBI 17,C,4,0,1
TBI,Bowen's Island,Tall,2,15,Short,BI,allopatric,,SBI,SBI 1,G,18,0,1
TBI,Bowen's Island,Tall,2,16,Short,FJ,allopatric,,SFJ,SFJ 12,B,4,0,1
TBI,Bowen's Island,Tall,2,17,Short,FJ,allopatric,,SFJ,SFJ 16,E,4,0,1
TBI,Bowen's Island,Tall,2,18,Tall,BI,sympatric,,TBI,TBI 21,B,7,0,1
TBI,Bowen's Island,Tall,2,19,Tall,BI,sympatric,,TBI,TBI 3,H,7,0,1
TBI,Bowen's Island,Tall,2,20,Tall,BI,sympatric,,TBI,TBI 22,G,18,0,1
TBI,Bowen's Island,Tall,2,21,Short,FB,allopatric,,SFB,SFB 12,H,10,0,1
TBI,Bowen's Island,Tall,2,22,Short,FJ,allopatric,,SFJ,SFJ 25,G,10,0,1
TBI,Bowen's Island,Tall,2,23,Short,FB,allopatric,,SFB,SFB 4,F,7,0,1
TBI,Bowen's Island,Tall,2,24,Short,FJ,allopatric,,SFJ,SFJ 9,G,18,0,1
TBI,Bowen's Island,Tall,2,25,Tall,BI,sympatric,,TBI,TBI 19,F,7,0,1
TBI,Bowen's Island,Tall,2,26,Tall,FB,sympatric,,TFB,TFB 13,H,7,0,1
TBI,Bowen's Island,Tall,2,27,Short,BI,allopatric,,SBI,SBI 9,F,10,0,1
TBI,Bowen's Island,Tall,2,28,Short,FB,allopatric,,SFB,SFB 19,F,7,0,1
TBI,Bowen's Island,Tall,2,29,Tall,FB,sympatric,,TFB,TFB 25,G,7,0,1
TBI,Bowen's Island,Tall,2,30,Tall,FJ,sympatric,,TFJ,TFJ 5,H,7,0,1