Field Site,Transplant Site,Transplant Zone,Transect,Plot #,Origin Zone,Origin Site,SA - zone,SA- sitexzone,Genotype.Origin,Genotype.ID,Genotype.Rep,Date,Surivial,# Live Stems,Average Height,max Height,Flowering.Yes,Flowering.No,Survival.Yes,Survival.No,num.live.stems,Aboveground Biomass (g),Belowground Biomass (g),Above:below,Total biomass,Transplant ID Description,Flower No,Total Seeds,Avg No Seeds Per Flower,Days.since.May04,Total Seeds with zeros,Above-to-Total,Below-to-Total
TFJ,Fort Johnson,Tall,1,15,Tall,FB,sympatric,allopatric,TFB,TFB 25,F,2012-11-16,0,0,#DIV/0!,0,NA,NA,0,1,0,0.047,1.263,0.037212985,1.31,NA,NA,NA,NA,NA,0,0.035877863,0.964122137
TFB,Folly Beach,Tall,1,22,Short,FJ,allopatric,allopatric,SFJ,SFJ 25,C,2012-12-16,0,0,#DIV/0!,0,NA,NA,0,1,0,0.067,0.426,0.157276995,0.493,NA,NA,NA,NA,NA,0,0.135902637,0.864097363
TFJ,Fort Johnson,Tall,2,20,Short,FJ,allopatric,allopatric,SFJ,SFJ 25,B,2012-11-16,1,1,6,6,0,1,1,0,1,0.432,2.666,0.16204051,3.098,NA,NA,NA,NA,NA,0,0.139444803,0.860555197
SFJ,Fort Johnson,Short,1,17,Short,FJ,sympatric,sympatric,SFJ,SFJ 8,F,2012-11-16,1,1,14,14,0,1,1,0,1,0.297,1.817,0.163456247,2.114,NA,NA,NA,NA,NA,0,0.140491958,0.859508042
TFB,Folly Beach,Tall,1,10,Short,FJ,allopatric,allopatric,SFJ,SFJ 22,H,2012-12-16,1,1,2,2,0,1,1,0,1,0.232,1.392,0.166666667,1.624,NA,NA,NA,NA,NA,0,0.142857143,0.857142857
TFJ,Fort Johnson,Tall,1,1,Tall,BI,sympatric,allopatric,TBI,TBI 17,G,2012-11-16,1,2,20,20.5,0,1,1,0,2,0.28,1.392,0.201149425,1.672,NA,NA,NA,NA,NA,0,0.167464115,0.832535885
TFB,Folly Beach,Tall,1,24,Tall,BI,sympatric,allopatric,TBI,TBI 21,G,2012-12-16,0,0,#DIV/0!,0,NA,NA,0,1,0,0.017,0.084,0.202380952,0.101,NA,NA,NA,NA,NA,0,0.168316832,0.831683168
TFJ,Fort Johnson,Tall,2,11,Short,BI,allopatric,allopatric,SBI,SBI 7,E,2012-11-16,1,7,3.642857143,5.5,0,1,1,0,7,1.109,5.302,0.209166352,6.411,NA,NA,NA,NA,NA,0,0.172983934,0.827016066
TFB,Folly Beach,Tall,1,28,Short,BI,allopatric,allopatric,SBI,SBI 2,G,2012-12-16,0,0,#DIV/0!,0,NA,NA,0,1,0,0.146,0.695,0.210071942,0.841,NA,NA,NA,NA,NA,0,0.173602854,0.826397146
TFJ,Fort Johnson,Tall,2,22,Tall,FJ,sympatric,sympatric,TFJ,TFJ 19,F,2012-11-16,1,4,16,20,0,1,1,0,4,1.085,5.155,0.210475267,6.24,NA,NA,NA,NA,NA,0,0.173878205,0.826121795
TFJ,Fort Johnson,Tall,1,8,Tall,FJ,sympatric,sympatric,TFJ,TFJ 9,F,2012-11-16,1,12,15.33333333,59,0,1,1,0,12,1.506,5.882,0.256035362,7.388,NA,NA,NA,NA,NA,0,0.203844071,0.796155929
SFB,Folly Beach,Short,1,16,Tall,FJ,allopatric,allopatric,TFJ,TFJ 5,C,12/13/16,1,1,4,4,0,1,1,0,1,0.054,0.206,0.262135922,0.26,NA,NA,NA,NA,NA,0,0.207692308,0.792307692
TFB,Folly Beach,Tall,2,27,Short,FJ,allopatric,allopatric,SFJ,SFJ 9,C,2012-12-16,1,2,29,34,0,1,1,0,2,0.716,2.531,0.282892137,3.247,NA,NA,NA,NA,NA,0,0.220511241,0.779488759
SFB,Folly Beach,Short,1,28,Short,FJ,sympatric,allopatric,SFJ,SFJ 8,G,12/13/16,1,1,19,19,0,1,1,0,1,0.162,0.545,0.297247706,0.707,NA,NA,NA,NA,NA,0,0.229137199,0.770862801
TFB,Folly Beach,Tall,1,16,Short,FB,allopatric,allopatric,SFB,SFB 19,D,2012-12-16,0,0,#DIV/0!,0,NA,NA,0,1,0,0.128,0.387,0.330749354,0.515,NA,NA,NA,NA,NA,0,0.248543689,0.751456311
TFJ,Fort Johnson,Tall,1,9,Short,BI,allopatric,allopatric,SBI,SBI 9,C,2012-11-16,1,1,2,2,0,1,1,0,1,0.173,0.518,0.333976834,0.691,NA,NA,NA,NA,NA,0,0.250361795,0.749638205
SFJ,Fort Johnson,Short,2,30,Short,FB,sympatric,allopatric,SFB,SFB 19,G,2012-11-16,1,3,15,30,0,1,1,0,3,0.286,0.822,0.347931873,1.108,NA,NA,NA,NA,NA,0,0.258122744,0.741877256
TFJ,Fort Johnson,Tall,2,17,Short,BI,allopatric,allopatric,SBI,SBI 15,D,2012-11-16,1,1,5,5,0,1,1,0,1,0.451,1.272,0.354559748,1.723,NA,NA,NA,NA,NA,0,0.261752757,0.738247243
TFB,Folly Beach,Tall,2,20,Tall,BI,sympatric,allopatric,TBI,TBI 6,B,2012-12-16,0,0,#DIV/0!,0,NA,NA,0,1,0,0.27,0.711,0.379746835,0.981,NA,NA,NA,NA,NA,0,0.275229358,0.724770642
TFB,Folly Beach,Tall,1,1,Short,FB,allopatric,allopatric,SFB,SFB 9,E,2012-12-16,0,0,#DIV/0!,0,NA,NA,0,1,0,0.047,0.121,0.388429752,0.168,NA,NA,NA,NA,NA,0,0.279761905,0.720238095
SBI,Bowens Island,Short,1,24,Tall,BI,allopatric,allopatric,TBI,TBI 3,C,12/13/16,0,0,#DIV/0!,0,NA,NA,0,1,0,0.092,0.234,0.393162393,0.326,NA,NA,NA,NA,NA,0,0.282208589,0.717791411
SFJ,Fort Johnson,Short,2,6,Short,FJ,sympatric,sympatric,SFJ,SFJ 9,E,2012-11-16,1,13,21.76923077,38,0,1,1,0,13,1.908,4.75,0.401684211,6.658,NA,NA,NA,NA,NA,0,0.286572544,0.713427456
TFJ,Fort Johnson,Tall,2,26,Tall,FB,sympatric,allopatric,TFB,TFB 4,D,2012-11-16,1,4,20.75,28,0,1,1,0,4,1.37,3.313,0.413522487,4.683,NA,NA,NA,NA,NA,0,0.292547512,0.707452488
TFJ,Fort Johnson,Tall,2,9,Short,FJ,allopatric,allopatric,SFJ,SFJ 12,E,2012-11-16,1,2,24,30,0,1,1,0,2,1.631,3.883,0.420036055,5.514,NA,NA,NA,NA,NA,0,0.295792528,0.704207472
SFB,Folly Beach,Short,1,9,Tall,FJ,allopatric,allopatric,TFJ,TFJ 20,E,12/13/16,1,1,3,3,0,1,1,0,1,0.269,0.619,0.43457189,0.888,NA,NA,NA,NA,NA,0,0.302927928,0.697072072
TFB,Folly Beach,Tall,2,19,Short,FB,allopatric,allopatric,SFB,SFB 23,C,2012-12-16,0,0,#DIV/0!,0,NA,NA,0,1,0,0.173,0.374,0.462566845,0.547,NA,NA,NA,NA,NA,0,0.316270567,0.683729433
TFJ,Fort Johnson,Tall,1,13,Tall,BI,sympatric,allopatric,TBI,TBI 19,E,2012-11-16,1,1,9,9,0,1,1,0,1,0.502,1.04,0.482692308,1.542,NA,NA,NA,NA,NA,0,0.325551232,0.674448768
SBI,Bowens Island,Short,1,29,Short,FJ,sympatric,allopatric,SFJ,SFJ 7,A,12/13/16,1,8,14,30,0,1,1,0,8,1.426,2.8,0.509285714,4.226,NA,NA,NA,NA,NA,0,0.337434927,0.662565073
TFJ,Fort Johnson,Tall,2,13,Short,FB,allopatric,allopatric,SFB,SFB 11,F,2012-11-16,1,1,29.5,29.5,0,1,1,0,1,1.672,3.261,0.512726158,4.933,NA,NA,NA,NA,NA,0,0.33894182,0.66105818
TFB,Folly Beach,Tall,2,21,Short,FB,allopatric,allopatric,SFB,SFB 15,F,2012-12-16,1,2,9.5,14,0,1,1,0,2,0.217,0.422,0.514218009,0.639,NA,NA,NA,NA,NA,0,0.339593114,0.660406886
TFB,Folly Beach,Tall,2,12,Tall,FB,sympatric,sympatric,TFB,TFB 10,A,2012-12-16,0,0,#DIV/0!,0,NA,NA,0,1,0,0.431,0.838,0.514319809,1.269,NA,NA,NA,NA,NA,0,0.33963751,0.66036249
TFJ,Fort Johnson,Tall,1,14,Short,FJ,allopatric,allopatric,SFJ,SFJ 13,E,2012-11-16,1,7,15.28571429,30,0,1,1,0,7,2.483,4.793,0.518047152,7.276,NA,NA,NA,NA,NA,0,0.341258933,0.658741067
SFJ,Fort Johnson,Short,2,20,Tall,FB,allopatric,allopatric,TFB,TFB 13,C,2012-11-16,1,5,33.6,55,0,1,1,0,5,7.624,13.528,0.563571851,21.152,NA,NA,NA,NA,NA,0,0.360438729,0.639561271
SFB,Folly Beach,Short,1,7,Short,FB,sympatric,sympatric,SFB,SFB 6,G,12/13/16,1,6,19.83333333,28,0,1,1,0,6,1.809,3.198,0.565666041,5.007,NA,NA,NA,NA,NA,0,0.361294188,0.638705812
SFJ,Fort Johnson,Short,2,7,Short,FB,sympatric,allopatric,SFB,SFB 23,E,2012-11-16,1,4,9.75,22,1,0,1,0,4,5.993,10.538,0.568703739,16.531,SFB-23,2,83,41.5,164,83,0.362531002,0.637468998
SFB,Folly Beach,Short,1,29,Short,BI,sympatric,allopatric,SBI,SBI 16,H,12/13/16,1,8,23.375,32,0,1,1,0,8,4.004,7.007,0.571428571,11.011,NA,NA,NA,NA,NA,0,0.363636364,0.636363636
SFJ,Fort Johnson,Short,2,2,Tall,FJ,allopatric,allopatric,TFJ,TFJ 17,F,2012-11-16,1,8,23.875,49,0,1,1,0,8,4.873,8.518,0.572082649,13.391,NA,NA,NA,NA,NA,0,0.363901128,0.636098872
SFB,Folly Beach,Short,2,4,Short,FB,sympatric,sympatric,SFB,SFB 2,F,2012-12-16,0,0,#DIV/0!,0,NA,NA,0,1,0,0.159,0.276,0.576086957,0.435,NA,NA,NA,NA,NA,0,0.365517241,0.634482759
SFJ,Fort Johnson,Short,1,21,Tall,BI,allopatric,allopatric,TBI,TBI 11,C,2012-11-16,1,9,18.55555556,36,0,1,1,0,9,2.955,5.097,0.579752796,8.052,NA,NA,NA,NA,NA,0,0.366989568,0.633010432
SBI,Bowens Island,Short,1,8,Short,FB,sympatric,allopatric,SFB,SFB 9,B,12/13/16,1,1,20,20,0,1,1,0,1,0.316,0.52,0.607692308,0.836,NA,NA,NA,NA,NA,0,0.377990431,0.622009569
SFJ,Fort Johnson,Short,1,18,Tall,BI,allopatric,allopatric,TBI,TBI 6,A,2012-11-16,1,8,15.625,38,0,1,1,0,8,3.615,5.914,0.611261414,9.529,NA,NA,NA,NA,NA,0,0.379368244,0.620631756
SFB,Folly Beach,Short,2,10,Short,BI,sympatric,allopatric,SBI,SBI 15,A,2012-12-16,1,11,23.72727273,33,1,0,1,0,11,9.714,15.788,0.615277426,25.502,SBI-15,1,181,181,142,181,0.380911301,0.619088699
SBI,Bowens Island,Short,2,11,Tall,FJ,allopatric,allopatric,TFJ,TFJ 20,C,12/13/16,1,32,14.875,43,0,1,1,0,32,7.113,11.549,0.61589748,18.662,NA,NA,NA,NA,NA,0,0.381148859,0.618851141
SFJ,Fort Johnson,Short,2,15,Tall,FJ,allopatric,allopatric,TFJ,TFJ 1 ,B,2012-11-16,1,4,21,38,0,1,1,0,4,1.886,3.053,0.61775303,4.939,NA,NA,NA,NA,NA,0,0.381858676,0.618141324
SFJ,Fort Johnson,Short,2,27,Tall,FB,allopatric,allopatric,TFB,TFB 25,E,2012-11-16,0,0,#DIV/0!,0,NA,NA,0,1,0,0.105,0.169,0.621301775,0.274,NA,NA,NA,NA,NA,0,0.383211679,0.616788321
SFJ,Fort Johnson,Short,2,29,Short,BI,sympatric,allopatric,SBI,SBI 7,B,2012-11-16,1,6,13.33333333,38,0,1,1,0,6,1.039,1.638,0.634310134,2.677,NA,NA,NA,NA,NA,0,0.388121031,0.611878969
SFJ,Fort Johnson,Short,1,14,Short,BI,sympatric,allopatric,SBI,SBI 16,G ,2012-11-16,1,7,20.71428571,45,0,1,1,0,7,2.801,4.356,0.64302112,7.157,NA,NA,NA,NA,NA,0,0.391365097,0.608634903
SFB,Folly Beach,Short,1,10,Short,BI,sympatric,allopatric,SBI,SBI 1,A,12/13/16,1,12,20.75,40,0,1,1,0,12,10.901,16.944,0.64335458,27.845,NA,NA,NA,NA,NA,0,0.391488598,0.608511402
SFJ,Fort Johnson,Short,1,20,Short,FJ,sympatric,sympatric,SFJ,SFJ 13,F,2012-11-16,1,7,11,22,1,0,1,0,7,4.33,6.668,0.649370126,10.998,SFJ-13,1,150,150,149,150,0.393707947,0.606292053
SBI,Bowens Island,Short,1,3,Short,FJ,sympatric,allopatric,SFJ,SFJ 25,F,12/13/16,1,28,13.52,34,1,0,1,0,28,10.357,15.894,0.651629546,26.251,SFJ-25,1,46,46,163,46,0.394537351,0.605462649
SFJ,Fort Johnson,Short,1,13,Short,BI,sympatric,allopatric,SBI,SBI 10,A,2012-11-16,1,5,16.2,32,0,1,1,0,5,3.138,4.802,0.653477718,7.94,NA,NA,NA,NA,NA,0,0.395214106,0.604785894
SBI,Bowens Island,Short,1,5,Tall,BI,allopatric,allopatric,TBI,TBI 1,D,12/13/16,1,11,21.09090909,38,0,1,1,0,11,6.234,9.515,0.655176038,15.749,NA,NA,NA,NA,NA,0,0.395834656,0.604165344
TFB,Folly Beach,Tall,2,15,Short,BI,allopatric,allopatric,SBI,SBI 1,H,2012-12-16,1,4,20,64,0,1,1,0,4,1.307,1.987,0.657775541,3.294,NA,NA,NA,NA,NA,0,0.396782028,0.603217972
SFB,Folly Beach,Short,1,1,Tall,FB,allopatric,allopatric,TFB,TFB 13,F,12/13/16,1,6,20.16666667,38,0,1,1,0,6,1.315,1.991,0.660472125,3.306,NA,NA,NA,NA,NA,0,0.397761645,0.602238355
SFJ,Fort Johnson,Short,1,24,Short,FB,sympatric,allopatric,SFB,SFB 25,C,2012-11-16,1,13,16.30769231,37,0,1,1,0,13,6.922,10.456,0.662012242,17.378,NA,NA,NA,NA,NA,0,0.398319715,0.601680285
SBI,Bowens Island,Short,2,6,Short,FJ,sympatric,allopatric,SFJ,SFJ 8,C,12/13/16,1,20,13.25,36,0,1,1,0,20,4.309,6.485,0.664456438,10.794,NA,NA,NA,NA,NA,0,0.399203261,0.600796739
SFJ,Fort Johnson,Short,1,10,Short,FJ,sympatric,sympatric,SFJ,SFJ 22,F,2012-11-16,1,3,22.66666667,36,1,0,1,0,3,0.837,1.24,0.675,2.077,SFJ-22,1,61,61,149,61,0.402985075,0.597014925
SBI,Bowens Island,Short,2,30,Short,FJ,sympatric,allopatric,SFJ,SFJ 13,A,12/13/16,1,6,16.5,32,0,1,1,0,6,1.441,2.122,0.679076343,3.563,NA,NA,NA,NA,NA,0,0.404434465,0.595565535
SFJ,Fort Johnson,Short,2,18,Tall,BI,allopatric,allopatric,TBI,TBI 21,E,2012-11-16,1,7,18.14285714,31,0,1,1,0,7,3.854,5.659,0.681039053,9.513,NA,NA,NA,NA,NA,0,0.405129822,0.594870178
TFB,Folly Beach,Tall,2,29,Tall,FJ,sympatric,allopatric,TFJ,TFJ 13,B,2012-12-16,1,3,19,30,0,1,1,0,3,1.027,1.503,0.683300067,2.53,NA,NA,NA,NA,NA,0,0.405928854,0.594071146
SBI,Bowens Island,Short,2,20,Short,FJ,sympatric,allopatric,SFJ,SFJ 6,A,12/13/16,1,10,18.3,43,0,1,1,0,10,3.147,4.599,0.684279191,7.746,NA,NA,NA,NA,NA,0,0.406274206,0.593725794
SBI,Bowens Island,Short,2,3,Tall,BI,allopatric,allopatric,TBI,TBI 22,H,12/13/16,1,17,18.23529412,37,1,0,1,0,17,12.148,17.545,0.692390995,29.693,TBI-22,1,112,112,163,112,0.409119995,0.590880005
SFJ,Fort Johnson,Short,2,14,Tall,BI,allopatric,allopatric,TBI,TBI 19,H,2012-11-16,1,4,27.75,38,0,1,1,0,4,1.696,2.441,0.694797214,4.137,NA,NA,NA,NA,NA,0,0.409958907,0.590041093
SBI,Bowens Island,Short,2,9,Tall,BI,allopatric,allopatric,TBI,TBI 11,A,12/13/16,1,28,17.32142857,41,1,0,1,0,28,12.693,18.248,0.695583078,30.941,TBI-11,2,36,18,163,36,0.410232378,0.589767622
SFJ,Fort Johnson,Short,2,10,Short,FJ,sympatric,sympatric,SFJ,SFJ 16,G,2012-11-16,1,4,21.25,29,0,1,1,0,4,4.001,5.719,0.699597832,9.72,NA,NA,NA,NA,NA,0,0.411625514,0.588374486
SBI,Bowens Island,Short,1,9,Short,BI,sympatric,sympatric,SBI,SBI 9,D,12/13/16,1,23,18.82608696,42,0,1,1,0,23,10.724,15.284,0.701648783,26.008,NA,NA,NA,NA,NA,0,0.412334666,0.587665334
SFB,Folly Beach,Short,2,8,Short,FJ,sympatric,allopatric,SFJ,SFJ 6,B,2012-12-16,1,16,12.375,35,1,0,1,0,16,7.717,10.807,0.714074211,18.524,SFJ-06,2,66,33,163,66,0.416594688,0.583405312
SFJ,Fort Johnson,Short,1,1,Short,FJ,sympatric,sympatric,SFJ,SFJ 20,D,2012-11-16,1,18,14.83333333,32,0,1,1,0,18,4.816,6.738,0.714752152,11.554,NA,NA,NA,NA,NA,0,0.416825342,0.583174658
SBI,Bowens Island,Short,1,7,Tall,FB,allopatric,allopatric,TFB,TFB 1,F,12/13/16,1,16,22.0625,40,0,1,1,0,16,8.475,11.777,0.719622994,20.252,NA,NA,NA,NA,NA,0,0.418477187,0.581522813
SFB,Folly Beach,Short,1,2,Short,FJ,sympatric,allopatric,SFJ,SFJ 25,D,12/13/16,1,5,30.2,51,1,0,1,0,5,9.391,12.897,0.728153834,22.288,SFJ-25,1,100,100,163,100,0.42134781,0.57865219
SBI,Bowens Island,Short,2,12,Tall,FB,allopatric,allopatric,TFB,TFB 10,D,12/13/16,1,21,18.0952381,44,0,1,1,0,21,18.15,24.888,0.729267117,43.038,NA,NA,NA,NA,NA,0,0.42172034,0.57827966
SFJ,Fort Johnson,Short,2,12,Tall,FB,allopatric,allopatric,TFB,TFB 17,F,2012-11-16,1,10,17.6,30,0,1,1,0,10,4.169,5.699,0.731531848,9.868,NA,NA,NA,NA,NA,0,0.422476692,0.577523308
SBI,Bowens Island,Short,1,12,Tall,FB,allopatric,allopatric,TFB,TFB 25,H,12/13/16,1,21,20.35,58,0,1,1,0,21,11.175,15.183,0.736020549,26.358,NA,NA,NA,NA,NA,0,0.423969952,0.576030048
SFJ,Fort Johnson,Short,1,19,Tall,FJ,allopatric,allopatric,TFJ,TFJ 5,G ,2012-11-16,1,9,20.22222222,32,0,1,1,0,9,3.385,4.598,0.736189648,7.983,NA,NA,NA,NA,NA,0,0.424026055,0.575973945
SFJ,Fort Johnson,Short,2,4,Short,FJ,sympatric,sympatric,SFJ,SFJ 6,F,2012-11-16,1,10,11.8,31,0,1,1,0,10,2.425,3.282,0.738878732,5.707,NA,NA,NA,NA,NA,0,0.424916769,0.575083231
TFJ,Fort Johnson,Tall,1,19,Short,FJ,allopatric,allopatric,SFJ,SFJ 6,H,2012-11-16,1,1,27.5,27.5,0,1,1,0,1,0.753,1.015,0.741871921,1.768,NA,NA,NA,NA,NA,0,0.425904977,0.574095023
SBI,Bowens Island,Short,2,17,Tall,FB,allopatric,allopatric,TFB,TFB 3,C,12/13/16,1,4,25.5,46,0,1,1,0,4,3.184,4.282,0.743577767,7.466,NA,NA,NA,NA,NA,0,0.426466649,0.573533351
SBI,Bowens Island,Short,1,19,Tall,FB,allopatric,allopatric,TFB,TFB 13,E,12/13/16,1,14,18.78571429,41,0,1,1,0,14,9.393,12.61,0.744885012,22.003,NA,NA,NA,NA,NA,0,0.426896332,0.573103668
SBI,Bowens Island,Short,1,21,Short,FJ,sympatric,allopatric,SFJ,SFJ 12,F,12/13/16,1,8,18.25,33,0,1,1,0,8,4.337,5.813,0.746086358,10.15,NA,NA,NA,NA,NA,0,0.42729064,0.57270936
SFB,Folly Beach,Short,1,21,Tall,FB,allopatric,allopatric,TFB,TFB 10,C,12/13/16,1,8,28.125,52,0,1,1,0,8,8.48,11.331,0.748389374,19.811,NA,NA,NA,NA,NA,0,0.428045025,0.571954975
SBI,Bowens Island,Short,1,1,Tall,FJ,allopatric,allopatric,TFJ,TFJ 9,A,12/13/16,1,12,17.08333333,26,0,1,1,0,12,3.582,4.757,0.752995585,8.339,NA,NA,NA,NA,NA,0,0.429547907,0.570452093
SFB,Folly Beach,Short,2,14,Short,FB,sympatric,sympatric,SFB,SFB 19,A,2012-12-16,1,9,16,30,0,1,1,0,9,1.911,2.518,0.758935663,4.429,NA,NA,NA,NA,NA,0,0.431474373,0.568525627
TFJ,Fort Johnson,Tall,2,14,Short,FJ,allopatric,allopatric,SFJ,SFJ 8,E,2012-11-16,1,3,20.33333333,35,0,1,1,0,3,2.696,3.504,0.769406393,6.2,NA,NA,NA,NA,NA,0,0.43483871,0.56516129
TFB,Folly Beach,Tall,1,12,Tall,FJ,sympatric,allopatric,TFJ,TFJ 20,G,2012-12-16,1,1,3,3,0,1,1,0,1,0.122,0.157,0.777070064,0.279,NA,NA,NA,NA,NA,0,0.437275986,0.562724014
SBI,Bowens Island,Short,2,7,Tall,BI,allopatric,allopatric,TBI,TBI 6,G,12/13/16,1,26,12.96153846,41,0,1,1,0,26,7.33,9.326,0.785974694,16.656,NA,NA,NA,NA,NA,0,0.440081652,0.559918348
SFJ,Fort Johnson,Short,2,24,Tall,FJ,allopatric,allopatric,TFJ,TFJ 20,H,2012-11-16,1,9,16.66666667,32,0,1,1,0,9,2.239,2.836,0.789492243,5.075,NA,NA,NA,NA,NA,0,0.441182266,0.558817734
SFB,Folly Beach,Short,1,5,Tall,BI,allopatric,allopatric,TBI,TBI 6,D,12/13/16,1,5,26.8,54,0,1,1,0,5,3.254,4.114,0.790957705,7.368,NA,NA,NA,NA,NA,0,0.441639522,0.558360478
SBI,Bowens Island,Short,1,6,Tall,FJ,allopatric,allopatric,TFJ,TFJ 5,B,12/13/16,1,19,12.05263158,33,0,1,1,0,19,6.118,7.712,0.793309129,13.83,NA,NA,NA,NA,NA,0,0.442371656,0.557628344
SBI,Bowens Island,Short,2,16,Short,FB,sympatric,allopatric,SFB,SFB 25,G,12/13/16,1,11,20.45454545,43,0,1,1,0,11,9.816,12.259,0.80071784,22.075,NA,NA,NA,NA,NA,0,0.444665912,0.555334088
TFB,Folly Beach,Tall,2,23,Short,FJ,allopatric,allopatric,SFJ,SFJ 8,A,2012-12-16,1,1,8,8,0,1,1,0,1,0.452,0.553,0.817359855,NA,NA,NA,NA,NA,NA,0,#VALUE!,#VALUE!
SBI,Bowens Island,Short,1,20,Tall,BI,allopatric,allopatric,TBI,TBI 19,A,12/13/16,1,11,12.90909091,37,0,1,1,0,11,1.702,2.077,0.819451131,3.779,NA,NA,NA,NA,NA,0,0.450383699,0.549616301
SFB,Folly Beach,Short,1,23,Short,FB,sympatric,sympatric,SFB,SFB 12,A,12/13/16,1,13,19.30769231,32,0,1,1,0,13,2.459,2.992,0.821858289,5.451,NA,NA,NA,NA,NA,0,0.451109888,0.548890112
SFJ,Fort Johnson,Short,2,22,Short,BI,sympatric,allopatric,SBI,SBI 2 ,H,2012-11-16,1,3,23,30,0,1,1,0,3,3.896,4.727,0.824201396,8.623,NA,NA,NA,NA,NA,0,0.451814914,0.548185086
SFJ,Fort Johnson,Short,2,3,Short,FB,sympatric,allopatric,SFB,SFB 15,E,2012-11-16,1,10,20.2,43,0,1,1,0,10,4.499,5.457,0.824445666,9.956,NA,NA,NA,NA,NA,0,0.451888309,0.548111691
SFJ,Fort Johnson,Short,1,5,Short,FJ,sympatric,sympatric,SFJ,SFJ 25,H,2012-11-16,1,5,23.8,50,0,1,1,0,5,4.669,5.607,0.832709114,10.276,NA,NA,NA,NA,NA,0,0.454359673,0.545640327
SBI,Bowens Island,Short,2,14,Short,FJ,sympatric,allopatric,SFJ,SFJ 16,H,12/13/16,1,14,22.42857143,46,0,1,1,0,14,10.577,12.682,0.834016717,23.259,NA,NA,NA,NA,NA,0,0.454748699,0.545251301
SFB,Folly Beach,Short,1,18,Tall,BI,allopatric,allopatric,TBI,TBI 19,G,12/13/16,1,9,25.22222222,49,0,1,1,0,9,7.273,8.699,0.836073112,15.972,NA,NA,NA,NA,NA,0,0.455359379,0.544640621
SFB,Folly Beach,Short,2,27,Short,FJ,sympatric,allopatric,SFJ,SFJ 12,D,2012-12-16,1,6,17.33333333,25,0,1,1,0,6,2.022,2.416,0.83692053,4.438,NA,NA,NA,NA,NA,0,0.455610635,0.544389365
SFB,Folly Beach,Short,1,6,Short,BI,sympatric,allopatric,SBI,SBI 7,H,12/13/16,1,12,28.08333333,49,0,1,1,0,12,9.129,10.905,0.837138927,20.034,NA,NA,NA,NA,NA,0,0.455675352,0.544324648
SFB,Folly Beach,Short,1,13,Short,BI,sympatric,allopatric,SBI,SBI 9,G,12/13/16,1,6,30,44,0,1,1,0,6,4.37,5.212,0.838449731,9.582,NA,NA,NA,NA,NA,0,0.456063452,0.543936548
SBI,Bowens Island,Short,2,24,Tall,BI,allopatric,allopatric,TBI,TBI 21,D,12/13/16,1,14,19.78571429,48,1,0,1,0,14,10.489,12.5,0.83912,22.989,TBI-21,2,152,76,163,152,0.45626169,0.54373831
SFB,Folly Beach,Short,2,28,Short,FB,sympatric,sympatric,SFB,SFB 25,B,2012-12-16,1,12,22.41666667,45,1,0,1,0,12,11.837,14.055,0.842191391,25.892,SFB-25,1,32,32,163,32,0.457168237,0.542831763
SFB,Folly Beach,Short,2,2,Tall,BI,allopatric,allopatric,TBI,TBI 3,G,2012-12-16,1,15,20.86666667,43,0,1,1,0,15,10.295,12.201,0.843783296,22.496,NA,NA,NA,NA,NA,0,0.457636913,0.542363087
SBI,Bowens Island,Short,2,19,Short,BI,sympatric,sympatric,SBI,SBI 7,G,12/13/16,1,13,16.07692308,43,0,1,1,0,13,6.345,7.492,0.846903364,13.837,NA,NA,NA,NA,NA,0,0.458553155,0.541446845
SFJ,Fort Johnson,Short,1,7,Short,BI,sympatric,allopatric,SBI,SBI 1,C,2012-11-16,1,5,10.2,22,0,1,1,0,5,1.009,1.182,0.853637902,2.191,NA,NA,NA,NA,NA,0,0.46052031,0.53947969
SFB,Folly Beach,Short,2,16,Tall,FJ,allopatric,allopatric,TFJ,TFJ 19,C,2012-12-16,1,9,18.11111111,35,0,1,1,0,9,2.919,3.393,0.860300619,6.312,NA,NA,NA,NA,NA,0,0.462452471,0.537547529
SFJ,Fort Johnson,Short,2,28,Tall,BI,allopatric,allopatric,TBI,TBI 22,E,2012-11-16,1,14,17.57142857,35,0,1,1,0,14,3.729,4.328,0.861598891,8.057,NA,NA,NA,NA,NA,0,0.462827355,0.537172645
SBI,Bowens Island,Short,2,4,Short,BI,sympatric,sympatric,SBI,SBI 16,F,12/13/16,1,8,20.625,45,0,1,1,0,8,8.843,10.129,0.873037812,18.972,NA,NA,NA,NA,NA,0,0.466107949,0.533892051
TFB,Folly Beach,Tall,2,28,Short,FB,allopatric,allopatric,SFB,SFB 25,H,2012-12-16,1,3,26.33333333,39,0,1,1,0,3,1.025,1.166,0.879073756,2.191,NA,NA,NA,NA,NA,0,0.467822912,0.532177088
SFJ,Fort Johnson,Short,1,27,Tall,FB,allopatric,allopatric,TFB,TFB 4,A,2012-11-16,1,10,21.2,44,0,1,1,0,10,5.505,6.195,0.888619855,11.7,NA,NA,NA,NA,NA,0,0.470512821,0.529487179
SFB,Folly Beach,Short,2,29,Short,FB,sympatric,sympatric,SFB,SFB 23,B,2012-12-16,1,14,15.71428571,44,0,1,1,0,14,8.944,10.038,0.891014146,18.982,NA,NA,NA,NA,NA,0,0.471183226,0.528816774
TFB,Folly Beach,Tall,2,11,Short,FB,allopatric,allopatric,SFB,SFB 2,,2012-12-16,1,3,14.33333333,15,0,1,1,0,3,0.712,0.789,0.902408112,1.501,NA,NA,NA,NA,NA,0,0.474350433,0.525649567
SFJ,Fort Johnson,Short,1,16,Tall,FB,allopatric,allopatric,TFB,TFB 7,C,2012-11-16,1,5,18,24,0,1,1,0,5,1.315,1.447,0.90877678,2.762,NA,NA,NA,NA,NA,0,0.476104272,0.523895728
SFJ,Fort Johnson,Short,1,9,Tall,FJ,allopatric,allopatric,TFJ,TFJ 15,B,2012-11-16,1,8,16.125,26,0,1,1,0,8,2.549,2.798,0.911007863,5.347,NA,NA,NA,NA,NA,0,0.476715915,0.523284085
SFB,Folly Beach,Short,1,15,Tall,FJ,allopatric,allopatric,TFJ,TFJ 17,A,12/13/16,1,7,20.42857143,43,0,1,1,0,7,5.685,6.235,0.911788292,11.92,NA,NA,NA,NA,NA,0,0.47692953,0.52307047
SBI,Bowens Island,Short,1,2,Short,BI,sympatric,sympatric,SBI,SBI 10,B,12/13/16,1,23,13.86363636,30,0,1,1,0,23,5.186,5.684,0.912385644,10.87,NA,NA,NA,NA,NA,0,0.477092916,0.522907084
TFJ,Fort Johnson,Tall,2,3,Tall,FB,sympatric,allopatric,TFB,TFB 17,E,2012-11-16,1,6,37,78,0,1,1,0,6,9.412,10.265,0.916902094,19.677,NA,NA,NA,NA,NA,0,0.478324948,0.521675052
TFJ,Fort Johnson,Tall,2,6,Tall,BI,sympatric,allopatric,TBI,TBI 11,B,2012-11-16,1,8,30,73,0,1,1,0,8,6.926,7.534,0.919299177,14.46,NA,NA,NA,NA,NA,0,0.478976487,0.521023513
SFJ,Fort Johnson,Short,1,28,Short,FB,sympatric,allopatric,SFB,SFB 12,F,2012-11-16,1,16,18.82352941,39,0,1,1,0,16,6.181,6.721,0.919654813,12.902,NA,NA,NA,NA,NA,0,0.479073012,0.520926988
SFJ,Fort Johnson,Short,2,9,Tall,BI,allopatric,allopatric,TBI,TBI 3,D,2012-11-16,1,11,16.81818182,31,0,1,1,0,11,6.064,6.577,0.922000912,12.641,NA,NA,NA,NA,NA,0,0.479708884,0.520291116
SFJ,Fort Johnson,Short,2,19,Tall,FJ,allopatric,allopatric,TFJ,TFJ 16,H,2012-11-16,1,4,22.375,37,0,1,1,0,4,1.659,1.782,0.930976431,3.441,NA,NA,NA,NA,NA,0,0.482127289,0.517872711
TFJ,Fort Johnson,Tall,1,26,Short,FB,allopatric,allopatric,SFB,SFB 6,B,2012-11-16,0,0,#DIV/0!,0,NA,NA,0,1,0,5.912,6.338,0.932786368,12.25,NA,NA,NA,NA,NA,0,0.482612245,0.517387755
SFB,Folly Beach,Short,1,27,Short,FB,sympatric,sympatric,SFB,SFB 15,A,12/13/16,1,11,23.36363636,38,0,1,1,0,11,3.017,3.206,0.941048035,6.223,NA,NA,NA,NA,NA,0,0.484814398,0.515185602
SFJ,Fort Johnson,Short,1,8,Short,FB,sympatric,allopatric,SFB,SFB 6,E,2012-11-16,1,6,19.2,29,0,1,1,0,6,5.44,5.748,0.946416145,11.188,NA,NA,NA,NA,NA,0,0.486235252,0.513764748
SFJ,Fort Johnson,Short,2,11,Tall,FJ,allopatric,allopatric,TFJ,TFJ 19,A,2012-11-16,1,15,15,38,0,1,1,0,15,5.661,5.943,0.952549218,11.604,NA,NA,NA,NA,NA,0,0.487849018,0.512150982
SBI,Bowens Island,Short,1,17,Short,FB,sympatric,allopatric,SFB,SFB 11,B,12/13/16,1,17,21.35294118,46,1,0,1,0,17,11.183,11.716,0.954506658,22.899,SFB-11,5,196,39.2,163,196,0.488361937,0.511638063
SBI,Bowens Island,Short,1,4,Tall,BI,allopatric,allopatric,TBI,TBI 14,D,12/13/16,1,11,19.90909091,45,0,1,1,0,11,12.393,12.909,0.960027888,25.302,NA,NA,NA,NA,NA,0,0.489803178,0.510196822
TFB,Folly Beach,Tall,1,29,Tall,FB,sympatric,sympatric,TFB,TFB 7,E,2012-12-16,1,6,14.83333333,61,0,1,1,0,6,1.854,1.931,0.960124288,3.785,NA,NA,NA,NA,NA,0,0.489828269,0.510171731
SFB,Folly Beach,Short,2,20,Tall,FJ,allopatric,allopatric,TFJ,TFJ 9,E,2012-12-16,1,11,15.45454545,41,0,1,1,0,11,2.727,2.825,0.965309735,5.552,NA,NA,NA,NA,NA,0,0.491174352,0.508825648
SBI,Bowens Island,Short,1,11,Tall,FJ,allopatric,allopatric,TFJ,TFJ 19,E,12/13/16,1,15,20.71428571,46,0,1,1,0,15,8.784,9.055,0.970071784,17.839,NA,NA,NA,NA,NA,0,0.492404283,0.507595717
TFB,Folly Beach,Tall,1,11,Short,BI,allopatric,allopatric,SBI,SBI 19,A,2012-12-16,1,4,17.75,39,0,1,1,0,4,5.893,6.029,0.977442362,11.922,NA,NA,NA,NA,NA,0,0.494296259,0.505703741
SFB,Folly Beach,Short,1,19,Tall,BI,allopatric,allopatric,TBI,TBI 22,F,12/13/16,1,3,25,26,0,1,1,0,3,2.142,2.172,0.986187845,4.314,NA,NA,NA,NA,NA,0,0.496522949,0.503477051
TFJ,Fort Johnson,Tall,1,29,Tall,BI,sympatric,allopatric,TBI,TBI 3,A,2012-11-16,1,15,25.93333333,79,0,1,1,0,15,9.057,9.167,0.988000436,18.224,NA,NA,NA,NA,NA,0,0.496982002,0.503017998
TFJ,Fort Johnson,Tall,1,24,Short,FJ,allopatric,allopatric,SFJ,SFJ 16,F,2012-11-16,1,3,27.66666667,52,0,1,1,0,3,2.091,2.112,0.990056818,4.203,NA,NA,NA,NA,NA,0,0.497501784,0.502498216
SBI,Bowens Island,Short,2,15,Tall,FB,allopatric,allopatric,TFB,TFB 7,B,12/13/16,1,10,22.5,43,0,1,1,0,10,10.083,10.173,0.991153052,20.256,NA,NA,NA,NA,NA,0,0.497778436,0.502221564
SFB,Folly Beach,Short,1,11,Tall,BI,allopatric,allopatric,TBI,TBI 1 ,C,12/13/16,1,14,25.21428571,46,1,0,1,0,14,13.692,13.783,0.993397664,27.475,TBI-01,2,115,57.5,163,115,0.498343949,0.501656051
SBI,Bowens Island,Short,2,2,Tall,FJ,allopatric,allopatric,TFJ,TFJ 1,G,12/13/16,1,10,17.1,45,0,1,1,0,10,4.518,4.522,0.999115436,9.04,NA,NA,NA,NA,NA,0,0.499778761,0.500221239
TFB,Folly Beach,Tall,2,3,Tall,FJ,sympatric,allopatric,TFJ,TFJ 5,E,2012-12-16,1,2,40.5,46,0,1,1,0,2,1.335,1.336,0.999251497,2.671,NA,NA,NA,NA,NA,0,0.499812804,0.500187196
TFJ,Fort Johnson,Tall,2,4,Tall,FJ,sympatric,sympatric,TFJ,TFJ 1,C,2012-11-16,1,5,41.6,57,0,1,1,0,5,8.571,8.515,1.006576629,17.086,NA,NA,NA,NA,NA,0,0.501638769,0.498361231
SFB,Folly Beach,Short,2,26,Tall,FB,allopatric,allopatric,TFB,TFB 12,A,2012-12-16,1,13,22.46153846,65,0,1,1,0,13,10.674,10.507,1.015894166,21.181,NA,NA,NA,NA,NA,0,0.503942212,0.496057788
SFJ,Fort Johnson,Short,1,6,Short,FB,sympatric,allopatric,SFB,SFB 4,D,2012-11-16,1,6,14.33333333,43,0,1,1,0,6,4.66,4.565,1.020810515,9.225,NA,NA,NA,NA,NA,0,0.505149051,0.494850949
SBI,Bowens Island,Short,1,23,Short,FJ,sympatric,allopatric,SFJ,SFJ 20,H,12/13/16,1,13,22.69230769,39,0,1,1,0,13,7.474,7.319,1.021177757,14.793,NA,NA,NA,NA,NA,0,0.505238964,0.494761036
SFJ,Fort Johnson,Short,2,21,Short,FB,sympatric,allopatric,SFB,SFB 2,B,2012-11-16,1,15,16,29,0,1,1,0,15,3.705,3.599,1.029452626,7.304,NA,NA,NA,NA,NA,0,0.507256298,0.492743702
SFB,Folly Beach,Short,2,3,Tall,FJ,allopatric,allopatric,TFJ,TFJ 16,D,2012-12-16,1,10,21.5,53,0,1,1,0,10,4.641,4.493,1.032940129,9.134,NA,NA,NA,NA,NA,0,0.508101598,0.491898402
SFB,Folly Beach,Short,1,4,Short,FJ,sympatric,allopatric,SFJ,SFJ 20,F,12/13/16,1,12,19.58333333,35,0,1,1,0,12,8.663,8.381,1.033647536,17.044,NA,NA,NA,NA,NA,0,0.508272706,0.491727294
TFJ,Fort Johnson,Tall,2,19,Tall,BI,sympatric,allopatric,TBI,TBI 1,G,2012-11-16,1,4,20.25,65,0,1,1,0,4,2.001,1.934,1.034643226,3.935,NA,NA,NA,NA,NA,0,0.508513342,0.491486658
TFJ,Fort Johnson,Tall,1,10,Tall,FB,sympatric,allopatric,TFB,TFB 1,C,2012-11-16,1,10,39.3,74,0,1,1,0,10,5.22,5.045,1.03468781,10.265,NA,NA,NA,NA,NA,0,0.508524111,0.491475889
SFB,Folly Beach,Short,1,25,Short,FJ,sympatric,allopatric,SFJ,SFJ 16,C,12/13/16,1,10,18.5,27,0,1,1,0,10,7.313,7.025,1.040996441,14.338,NA,NA,NA,NA,NA,0,0.510043242,0.489956758
TFJ,Fort Johnson,Tall,1,27,Tall,FB,sympatric,allopatric,TFB,TFB 7,G,2012-11-16,1,6,39.5,82,0,1,1,0,6,10.585,10.07,1.051142006,20.655,NA,NA,NA,NA,NA,0,0.512466715,0.487533285
SFB,Folly Beach,Short,1,8,Tall,FJ,allopatric,allopatric,TFJ,TFJ 24,H,12/13/16,1,10,27,47,0,1,1,0,10,6.329,5.975,1.059246862,12.304,NA,NA,NA,NA,NA,0,0.514385566,0.485614434
SBI,Bowens Island,Short,1,13,Short,FJ,sympatric,allopatric,SFJ,SFJ 9,D,12/13/16,1,24,17.54166667,40,0,1,1,0,24,10.667,10.049,1.061498657,20.716,NA,NA,NA,NA,NA,0,0.514916007,0.485083993
SBI,Bowens Island,Short,2,8,Tall,FJ,allopatric,allopatric,TFJ,TFJ 15,D,12/13/16,1,20,14.4,41,0,1,1,0,20,11.002,10.302,1.067947971,21.304,NA,NA,NA,NA,NA,0,0.51642884,0.48357116
SFJ,Fort Johnson,Short,1,23,Tall,FB,allopatric,allopatric,TFB,TFB 3,A,2012-11-16,1,10,18.2,49,0,1,1,0,10,4.842,4.504,1.075044405,9.346,NA,NA,NA,NA,NA,0,0.518082602,0.481917398
SBI,Bowens Island,Short,2,13,Short,FJ,sympatric,allopatric,SFJ,SFJ 22,E,12/13/16,1,17,17.47058824,39,1,0,1,0,17,12.057,11.157,1.080666846,23.214,SFJ-22,1,51,51,163,51,0.519384854,0.480615146
SBI,Bowens Island,Short,2,28,Short,FB,sympatric,allopatric,SFB,SFB 15,D,12/13/16,1,15,19.46666667,44,0,1,1,0,15,5.452,5.011,1.088006386,10.463,NA,NA,NA,NA,NA,0,0.521074262,0.478925738
SFB,Folly Beach,Short,2,19,Tall,BI,allopatric,allopatric,TBI,TBI 11,H,2012-12-16,1,18,20.66666667,44,0,1,1,0,18,7.824,7.137,1.096258932,14.961,NA,NA,NA,NA,NA,0,0.522959695,0.477040305
SFJ,Fort Johnson,Short,2,26,Tall,BI,allopatric,allopatric,TBI,TBI 17,B,2012-11-16,1,15,21.93333333,50,0,1,1,0,15,10.063,9.121,1.103278149,19.184,NA,NA,NA,NA,NA,0,0.52455171,0.47544829
SBI,Bowens Island,Short,1,22,Tall,FJ,allopatric,allopatric,TFJ,TFJ 16,E,12/13/16,1,18,22.5,48,0,1,1,0,18,12.709,11.451,1.109859401,24.16,NA,NA,NA,NA,NA,0,0.526034768,0.473965232
SFB,Folly Beach,Short,2,1,Tall,FJ,allopatric,allopatric,TFJ,TFJ 1 ,F,2012-12-16,1,9,17.11111111,47,1,0,1,0,9,8.828,7.938,1.112118922,16.766,TFJ-01,1,99,99,163,99,0.526541811,0.473458189
SFB,Folly Beach,Short,1,12,Tall,FB,allopatric,allopatric,TFB,TFB 25,D,12/13/16,1,7,26,48,0,1,1,0,7,6.835,6.103,1.119941013,12.938,NA,NA,NA,NA,NA,0,0.528288762,0.471711238
SBI,Bowens Island,Short,2,25,Tall,FJ,allopatric,allopatric,TFJ,TFJ 24,F,12/13/16,1,7,21,69,0,1,1,0,7,9.255,8.237,1.123588685,17.492,NA,NA,NA,NA,NA,0,0.529099017,0.470900983
TFJ,Fort Johnson,Tall,1,7,Tall,FJ,sympatric,sympatric,TFJ,TFJ 17,B,2012-11-16,1,3,51.83333333,90,0,1,1,0,3,3.905,3.468,1.126009227,7.373,NA,NA,NA,NA,NA,0,0.529635155,0.470364845
SFB,Folly Beach,Short,2,6,Short,FJ,sympatric,allopatric,SFJ,SFJ 7,H,2012-12-16,1,18,16.55555556,45,0,1,1,0,18,7.395,6.546,1.129697525,13.941,NA,NA,NA,NA,NA,0,0.530449753,0.469550247
SBI,Bowens Island,Short,1,16,Short,BI,sympatric,sympatric,SBI,SBI 6,A,12/13/16,1,9,11.77777778,42,0,1,1,0,9,6.123,5.413,1.131165712,11.536,NA,NA,NA,NA,NA,0,0.530773232,0.469226768
SFB,Folly Beach,Short,2,30,Tall,FB,allopatric,allopatric,TFB,TFB 1,B,2012-12-16,1,13,27.61538462,67,1,0,1,0,13,18.749,16.567,1.131707612,35.316,TFB-1,1,98,98,170,98,0.530892513,0.469107487
SFB,Folly Beach,Short,1,14,Short,FB,sympatric,sympatric,SFB,SFB 4,G,12/13/16,1,17,22.64705882,45,0,1,1,0,17,8.315,7.264,1.144686123,15.579,NA,NA,NA,NA,NA,0,0.533731305,0.466268695
SBI,Bowens Island,Short,1,30,Tall,FJ,allopatric,allopatric,TFJ,TFJ 17,D,12/13/16,1,15,19.13333333,46,1,0,1,0,15,8.232,7.179,1.14667781,15.411,TFJ-17,1,83,83,149,83,0.534163909,0.465836091
TFJ,Fort Johnson,Tall,2,8,Short,FJ,allopatric,allopatric,SFJ,SFJ 20,B,2012-11-16,1,10,24.3,56,0,1,1,0,10,7.52,6.532,1.151255358,14.052,NA,NA,NA,NA,NA,0,0.535155138,0.464844862
SFJ,Fort Johnson,Short,2,17,Short,BI,sympatric,allopatric,SBI,SBI 15,F,2012-11-16,1,10,25.6,60,0,1,1,0,10,10,8.624,1.159554731,18.624,NA,NA,NA,NA,NA,0,0.536941581,0.463058419
SBI,Bowens Island,Short,1,18,Tall,FB,allopatric,allopatric,TFB,TFB 4,E,12/13/16,1,15,21.86666667,44,0,1,1,0,15,10.858,9.336,1.16302485,20.194,NA,NA,NA,NA,NA,0,0.537684461,0.462315539
SFB,Folly Beach,Short,2,21,Short,BI,sympatric,allopatric,SBI,SBI 2 ,E,2012-12-16,1,22,18.27272727,42,1,0,1,0,22,17.838,15.331,1.163524884,33.169,SBI-02,2,116,58,163,116,0.537791311,0.462208689
SFJ,Fort Johnson,Short,1,2,Tall,FB,allopatric,allopatric,TFB,TFB 1,A,2012-11-16,1,12,24.25,48,0,1,1,0,12,6.804,5.821,1.168871328,12.625,NA,NA,NA,NA,NA,0,0.538930693,0.461069307
SFJ,Fort Johnson,Short,2,23,Tall,FB,allopatric,allopatric,TFB,TFB 10,G ,2012-11-16,1,11,21.90909091,41,0,1,1,0,11,9.383,8.019,1.170096022,17.402,NA,NA,NA,NA,NA,0,0.539190898,0.460809102
SBI,Bowens Island,Short,1,27,Short,FB,sympatric,allopatric,SFB,SFB 12,C,12/13/16,1,17,18.58823529,43,0,1,1,0,17,7.923,6.754,1.173082618,14.677,NA,NA,NA,NA,NA,0,0.539824215,0.460175785
SFB,Folly Beach,Short,2,18,Short,BI,sympatric,allopatric,SBI,SBI 6,C,2012-12-16,1,15,16.46666667,28,0,1,1,0,15,5.096,4.294,1.18677224,9.39,NA,NA,NA,NA,NA,0,0.542705005,0.457294995
SBI,Bowens Island,Short,1,26,Short,BI,sympatric,sympatric,SBI,SBI 1,D,12/13/16,1,13,16.23076923,43,0,1,1,0,13,5.727,4.815,1.1894081,10.542,NA,NA,NA,NA,NA,0,0.543255549,0.456744451
SFB,Folly Beach,Short,1,24,Short,FB,sympatric,sympatric,SFB,SFB 11,E,12/13/16,1,7,20.57142857,40,0,1,1,0,7,6.726,5.647,1.191074907,12.373,NA,NA,NA,NA,NA,0,0.543603007,0.456396993
SFB,Folly Beach,Short,2,5,Tall,BI,allopatric,allopatric,TBI,TBI 21,H,2012-12-16,1,10,22,47,0,1,1,0,10,5.305,4.402,1.20513403,9.707,NA,NA,NA,NA,NA,0,0.546512826,0.453487174
SFB,Folly Beach,Short,2,7,Short,BI,sympatric,allopatric,SBI,SBI 20,H,2012-12-16,1,11,21.36363636,56,0,1,1,0,11,6.938,5.691,1.219117905,12.629,NA,NA,NA,NA,NA,0,0.549370496,0.450629504
SFB,Folly Beach,Short,2,23,Short,FJ,sympatric,allopatric,SFJ,SFJ 13,C,2012-12-16,1,4,23.5,34,0,1,1,0,4,7.947,6.514,1.219987719,14.461,NA,NA,NA,NA,NA,0,0.549547058,0.450452942
SBI,Bowens Island,Short,1,14,Tall,BI,allopatric,allopatric,TBI,TBI 17,D,12/13/16,1,10,24.4,46,1,0,1,0,10,9.712,7.824,1.241308793,17.536,TBI-17,2,96,48,163,96,0.553832117,0.446167883
SBI,Bowens Island,Short,2,26,Short,FB,sympatric,allopatric,SFB,SFB 6,A,12/13/16,1,10,20.4,34,0,1,1,0,10,4.326,3.451,1.253549696,7.777,NA,NA,NA,NA,NA,0,0.556255626,0.443744374
SFB,Folly Beach,Short,1,17,Short,BI,sympatric,allopatric,SBI,SBI 10,D,12/13/16,1,8,23.25,50,0,1,1,0,8,8.203,6.492,1.263555145,14.695,NA,NA,NA,NA,NA,0,0.558217081,0.441782919
SBI,Bowens Island,Short,2,29,Short,FB,sympatric,allopatric,SFB,SFB 2,C,12/13/16,1,11,21,42,0,1,1,0,11,9.624,7.487,1.285428075,17.111,NA,NA,NA,NA,NA,0,0.562445211,0.437554789
SBI,Bowens Island,Short,1,10,Short,FB,sympatric,allopatric,SFB,SFB 23,G,12/13/16,1,8,18.25,46,1,0,1,0,8,10.248,7.857,1.304314624,18.105,SFB-23,1,123,123,170,123,0.566031483,0.433968517
SFB,Folly Beach,Short,2,15,Tall,FB,allopatric,allopatric,TFB,TFB 7,D,2012-12-16,1,9,14.44444444,31,0,1,1,0,9,3.346,2.55,1.312156863,5.896,NA,NA,NA,NA,NA,0,0.567503392,0.432496608
SBI,Bowens Island,Short,1,25,Short,BI,sympatric,sympatric,SBI,SBI 2,C,12/13/16,1,16,16.8125,41,0,1,1,0,16,7.781,5.89,1.321052632,13.671,NA,NA,NA,NA,NA,0,0.569160998,0.430839002
TFJ,Fort Johnson,Tall,2,7,Tall,BI,sympatric,allopatric,TBI,TBI 6,E,2012-11-16,1,2,44.5,80,0,1,1,0,2,3.023,2.236,1.3519678,5.259,NA,NA,NA,NA,NA,0,0.574824111,0.425175889
SFB,Folly Beach,Short,2,13,Tall,FB,allopatric,allopatric,TFB,TFB 3,G,2012-12-16,1,10,17.8,36,0,1,1,0,10,3.847,2.842,1.353624208,6.689,NA,NA,NA,NA,NA,0,0.575123337,0.424876663
TFB,Folly Beach,Tall,2,22,Tall,FJ,sympatric,allopatric,TFJ,TFJ 24,B,2012-12-16,1,4,18.25,25,0,1,1,0,4,4.786,3.475,1.377266187,8.261,NA,NA,NA,NA,NA,0,0.579348747,0.420651253
SFB,Folly Beach,Short,1,3,Tall,BI,allopatric,allopatric,TBI,TBI 14,B,12/13/16,1,2,25.5,26,0,1,1,0,2,1.245,0.896,1.389508929,2.141,NA,NA,NA,NA,NA,0,0.58150397,0.41849603
TFJ,Fort Johnson,Tall,2,10,Short,BI,allopatric,allopatric,SBI,SBI 6,F,2012-11-16,1,3,26,46,0,1,1,0,3,1.46,1.05,1.39047619,2.51,NA,NA,NA,NA,NA,0,0.581673307,0.418326693
SFB,Folly Beach,Short,2,11,Tall,BI,allopatric,allopatric,TBI,TBI 17,F,2012-12-16,1,9,25.66666667,42,1,0,1,0,9,8.299,5.947,1.395493526,14.246,TBI-17,1,21,21,163,21,0.582549488,0.417450512
SFB,Folly Beach,Short,2,12,Short,BI,sympatric,allopatric,SBI,SBI 19,B,2012-12-16,1,10,18.6,41,1,0,1,0,10,8.949,6.389,1.400688684,15.338,SBI-19,2,159,79.5,163,159,0.583452862,0.416547138
SFB,Folly Beach,Short,2,9,Tall,BI,allopatric,allopatric,TBI,TBI 4,G,2012-12-16,1,10,22.2,47,0,1,1,0,10,9.036,6.412,1.409232689,15.448,NA,NA,NA,NA,NA,0,0.584930088,0.415069912
SBI,Bowens Island,Short,2,21,Tall,FB,allopatric,allopatric,TFB,TFB 5,E,12/13/16,1,12,18.75,55,0,1,1,0,12,9.077,6.37,1.424960754,15.447,NA,NA,NA,NA,NA,0,0.587622192,0.412377808
SBI,Bowens Island,Short,1,15,Short,FB,sympatric,allopatric,SFB,SFB 19,B,12/13/16,1,23,13.52173913,37,0,1,1,0,23,7.421,5.162,1.437621077,12.583,NA,NA,NA,NA,NA,0,0.589763967,0.410236033
SFB,Folly Beach,Short,1,22,Tall,FB,allopatric,allopatric,TFB,TFB 5,C,12/13/16,1,11,19.72727273,36,0,1,1,0,11,7.487,5.134,1.458317102,12.621,NA,NA,NA,NA,NA,0,0.593217653,0.406782347
TFB,Folly Beach,Tall,2,25,Short,BI,allopatric,allopatric,SBI,SBI 20,D,2012-12-16,1,7,25.14285714,86,0,1,1,0,7,4.174,2.856,1.461484594,7.03,NA,NA,NA,NA,NA,0,0.59374111,0.40625889
SBI,Bowens Island,Short,2,10,Short,BI,sympatric,sympatric,SBI,SBI 15,C,12/13/16,1,23,17.7826087,36,1,0,1,0,23,16.575,11.255,1.472678809,27.83,SBI-15,3,237,79,149,237,0.595580309,0.404419691
SFJ,Fort Johnson,Short,2,16,Short,BI,sympatric,allopatric,SBI,SBI 19,H,2012-11-16,1,3,27,35,0,1,1,0,3,4.851,3.287,1.475813812,8.138,NA,NA,NA,NA,NA,0,0.596092406,0.403907594
SBI,Bowens Island,Short,2,23,Short,BI,sympatric,sympatric,SBI,SBI 20,E,12/13/16,1,14,23.07142857,57,0,1,1,0,14,11.291,7.638,1.478266562,18.929,NA,NA,NA,NA,NA,0,0.596492155,0.403507845
TFB,Folly Beach,Tall,2,4,Tall,FJ,sympatric,allopatric,TFJ,TFJ 9,D,2012-12-16,0,0,#DIV/0!,0,NA,NA,0,1,0,0.319,0.215,1.48372093,0.534,NA,NA,NA,NA,NA,0,0.597378277,0.402621723
SFB,Folly Beach,Short,2,25,Short,FJ,sympatric,allopatric,SFJ,SFJ 22,D,2012-12-16,1,26,19.15384615,43,0,1,1,0,26,12.247,8.051,1.521177493,20.298,NA,NA,NA,NA,NA,0,0.603359937,0.396640063
SFJ,Fort Johnson,Short,1,12,Tall,BI,allopatric,allopatric,TBI,TBI 14,C,2012-11-16,1,2,12.5,16,0,1,1,0,2,0.291,0.186,1.564516129,0.477,NA,NA,NA,NA,NA,0,0.610062893,0.389937107
TFB,Folly Beach,Tall,2,26,Tall,FB,sympatric,sympatric,TFB,TFB 25,A,2012-12-16,1,3,25.33333333,39,0,1,1,0,3,2.74,1.67,1.640718563,4.41,NA,NA,NA,NA,NA,0,0.621315193,0.378684807
SBI,Bowens Island,Short,2,18,Short,BI,sympatric,sympatric,SBI,SBI 19,E,12/13/16,1,7,18.14285714,30,1,0,1,0,7,7.36,4.482,1.642124052,11.842,SBI-19,4,340,85,163,340,0.621516636,0.378483364
TFB,Folly Beach,Tall,2,10,Tall,FJ,sympatric,allopatric,TFJ,TFJ 1,E,2012-12-16,1,4,35,78,0,1,1,0,4,2.923,1.758,1.662684869,4.681,NA,NA,NA,NA,NA,0,0.624439222,0.375560778
TFB,Folly Beach,Tall,2,8,Tall,FB,sympatric,sympatric,TFB,TFB 17,H,2012-12-16,1,3,25,63,0,1,1,0,3,4.191,2.519,1.663755459,6.71,NA,NA,NA,NA,NA,0,0.624590164,0.375409836
SBI,Bowens Island,Short,1,28,Tall,FB,allopatric,allopatric,TFB,TFB 17,B,12/13/16,1,20,21.3,47,0,1,1,0,20,14.496,8.678,1.670430975,23.174,NA,NA,NA,NA,NA,0,0.62552861,0.37447139
SFJ,Fort Johnson,Short,2,5,Tall,FB,allopatric,allopatric,TFB,TFB 12,B,2012-11-16,1,5,15.6,20,0,1,1,0,5,5.726,3.407,1.68065747,9.133,NA,NA,NA,NA,NA,0,0.626957188,0.373042812
SFJ,Fort Johnson,Short,1,15,Tall,FJ,allopatric,allopatric,TFJ,TFJ 24,D,2012-11-16,1,7,18.14285714,45,0,1,1,0,7,3.678,2.182,1.685609533,5.86,NA,NA,NA,NA,NA,0,0.627645051,0.372354949
TFJ,Fort Johnson,Tall,2,5,Tall,BI,sympatric,allopatric,TBI,TBI 21,F,2012-11-16,1,4,6.75,11,1,0,1,0,4,5.416,3.129,1.730904442,8.545,TBI-21,2,190,95,164,190,0.633820948,0.366179052
TFJ,Fort Johnson,Tall,1,23,Short,BI,allopatric,allopatric,SBI,SBI 19,D,2012-11-16,1,2,11.5,20,0,1,1,0,2,2.534,1.402,1.807417974,3.936,NA,NA,NA,NA,NA,0,0.643800813,0.356199187
SFB,Folly Beach,Short,2,22,Tall,FB,allopatric,allopatric,TFB,TFB 17,C,2012-12-16,1,4,26.25,48,0,1,1,0,4,0.043,0.023,1.869565217,0.066,NA,NA,NA,NA,NA,0,0.651515152,0.348484848
SBI,Bowens Island,Short,2,22,Tall,BI,allopatric,allopatric,TBI,TBI 4,B,12/13/16,1,6,23.5,39,0,1,1,0,6,6.322,3.101,2.038697194,9.423,NA,NA,NA,NA,NA,0,0.670911599,0.329088401
SFB,Folly Beach,Short,1,20,Tall,FB,allopatric,allopatric,TFB,TFB 4,C,12/13/16,1,11,28,59,0,1,1,0,11,11.97,5.739,2.085729221,17.709,NA,NA,NA,NA,NA,0,0.675927494,0.324072506
SBI,Bowens Island,Short,2,1,Tall,FB,allopatric,allopatric,TFB,TFB 12,F,12/13/16,1,4,42,67,0,1,1,0,4,11.037,5.147,2.144355935,16.184,NA,NA,NA,NA,NA,0,0.681969847,0.318030153
TFB,Folly Beach,Tall,2,6,Tall,BI,sympatric,allopatric,TBI,TBI 14,E,2012-12-16,1,3,40,91,0,1,1,0,3,4.633,1.872,2.474893162,6.505,NA,NA,NA,NA,NA,0,0.712221368,0.287778632
TFB,Folly Beach,Tall,2,24,Tall,FB,sympatric,sympatric,TFB,TFB 13,B,2012-12-16,1,1,27,27,0,1,1,0,1,1.384,0.374,3.700534759,1.758,NA,NA,NA,NA,NA,0,0.787258248,0.212741752
TFJ,Fort Johnson,Tall,2,2,Tall,FJ,sympatric,sympatric,TFJ,TFJ 13,E,2012-11-16,1,1,6.5,6.5,0,1,1,0,1,0.245,0.004,NA,0.249,NA,NA,NA,NA,NA,0,0.983935743,0.016064257
TFJ,Fort Johnson,Tall,1,3,Short,BI,allopatric,allopatric,SBI,SBI 2,A,2012-11-16,0,0,#DIV/0!,0,NA,NA,0,1,0,0.248,0.007,NA,0.255,NA,NA,NA,NA,NA,0,0.97254902,0.02745098
TFJ,Fort Johnson,Tall,1,11,Short,FB,allopatric,allopatric,SFB,SFB 25,A,2012-11-16,0,0,#DIV/0!,0,NA,NA,0,1,0,NA,0.014,NA,NA,NA,NA,NA,NA,NA,0,,
SFB,Folly Beach,Short,2,24,Short,FB,sympatric,sympatric,SFB,SFB 9,C,2012-12-16,0,0,#DIV/0!,0,NA,NA,0,1,0,NA,0.026,NA,NA,NA,NA,NA,NA,NA,0,,
TFB,Folly Beach,Tall,2,5,Tall,FB,sympatric,sympatric,TFB,TFB 3,B,2012-12-16,0,0,#DIV/0!,0,NA,NA,0,1,0,0.577,0.041,NA,0.618,NA,NA,NA,NA,NA,0,0.933656958,0.066343042
TFJ,Fort Johnson,Tall,1,5,Tall,FB,sympatric,allopatric,TFB,TFB 12,E,2012-11-16,0,0,#DIV/0!,0,NA,NA,0,1,0,NA,0.042,NA,NA,NA,NA,NA,NA,NA,0,,
TFJ,Fort Johnson,Tall,1,4,Tall,FJ,sympatric,sympatric,TFJ,TFJ 20,D,2012-11-16,0,0,#DIV/0!,0,NA,NA,0,1,0,NA,0.074,NA,NA,NA,NA,NA,NA,NA,0,,
TFJ,Fort Johnson,Tall,1,20,Tall,FJ,sympatric,sympatric,TFJ,TFJ 15,A,2012-11-16,0,0,#DIV/0!,0,NA,NA,0,1,0,NA,0.075,NA,NA,NA,NA,NA,NA,NA,0,,
TFB,Folly Beach,Tall,2,14,Short,FJ,allopatric,allopatric,SFJ,SFJ 6,D,2012-12-16,0,0,#DIV/0!,0,NA,NA,0,1,0,NA,0.092,NA,NA,NA,NA,NA,NA,NA,0,,
SFB,Folly Beach,Short,2,17,Tall,FJ,allopatric,allopatric,TFJ,TFJ 13,F,2012-12-16,0,0,#DIV/0!,0,NA,NA,0,1,0,NA,0.118,NA,NA,NA,NA,NA,NA,NA,0,,
TFB,Folly Beach,Tall,2,17,Short,FB,allopatric,allopatric,SFB,SFB 11,D,2012-12-16,0,0,#DIV/0!,0,NA,NA,0,1,0,NA,0.136,NA,NA,NA,NA,NA,NA,NA,0,,
TFB,Folly Beach,Tall,1,25,Tall,FB,sympatric,sympatric,TFB,TFB 5,A,2012-12-16,0,0,#DIV/0!,0,NA,NA,0,1,0,NA,0.137,NA,NA,NA,NA,NA,NA,NA,0,,
TFJ,Fort Johnson,Tall,1,28,Short,FB,allopatric,allopatric,SFB,SFB 15,C,2012-11-16,0,0,#DIV/0!,0,NA,NA,0,1,0,NA,0.138,NA,NA,NA,NA,NA,NA,NA,0,,
SFB,Folly Beach,Short,1,26,Tall,FJ,allopatric,allopatric,TFJ,TFJ 15,F,12/13/16,0,0,#DIV/0!,0,NA,NA,0,1,0,NA,0.15,NA,NA,NA,NA,NA,NA,NA,0,,
TFB,Folly Beach,Tall,1,14,Tall,FB,sympatric,sympatric,TFB,TFB 4,Z,2012-12-16,0,0,#DIV/0!,0,NA,NA,0,1,0,NA,0.154,NA,NA,NA,NA,NA,NA,NA,0,,
TFB,Folly Beach,Tall,1,21,Tall,BI,sympatric,allopatric,TBI,TBI 22,A,2012-12-16,0,0,#DIV/0!,0,NA,NA,0,1,0,NA,0.161,NA,NA,NA,NA,NA,NA,NA,0,,
SFJ,Fort Johnson,Short,1,22,Short,BI,sympatric,allopatric,SBI,SBI 20,C,2012-11-16,0,0,#DIV/0!,0,NA,NA,0,1,0,NA,0.176,NA,NA,NA,NA,NA,NA,NA,0,,
TFB,Folly Beach,Tall,1,23,Tall,FJ,sympatric,allopatric,TFJ,TFJ 17,E,2012-12-16,0,0,#DIV/0!,0,NA,NA,0,1,0,NA,0.185,NA,NA,NA,NA,NA,NA,NA,0,,
TFJ,Fort Johnson,Tall,1,12,Short,BI,allopatric,allopatric,SBI,SBI 16,E,2012-11-16,0,0,#DIV/0!,0,NA,NA,0,1,0,NA,0.196,NA,NA,NA,NA,NA,NA,NA,0,,
TFB,Folly Beach,Tall,1,26,Tall,FJ,sympatric,allopatric,TFJ,TFJ 15,C,2012-12-16,0,0,#DIV/0!,0,NA,NA,0,1,0,NA,0.199,NA,NA,NA,NA,NA,NA,NA,0,,
TFB,Folly Beach,Tall,2,13,Short,BI,allopatric,allopatric,SBI,SBI 16,D,2012-12-16,0,0,#DIV/0!,0,NA,NA,0,1,0,NA,0.201,NA,NA,NA,NA,NA,NA,NA,0,,
TFB,Folly Beach,Tall,1,3,Tall,FJ,sympatric,allopatric,TFJ,TFJ 5,F,2012-12-16,0,0,#DIV/0!,0,NA,NA,0,1,0,NA,0.21,NA,NA,NA,NA,NA,NA,NA,0,,
SFJ,Fort Johnson,Short,1,3,Tall,FJ,allopatric,allopatric,TFJ,TFJ 13,A,2012-11-16,0,0,#DIV/0!,0,NA,NA,0,1,0,NA,0.253,NA,NA,NA,NA,NA,NA,NA,0,,
TFJ,Fort Johnson,Tall,2,18,Short,BI,allopatric,allopatric,SBI,SBI 1,F,2012-11-16,0,0,#DIV/0!,0,NA,NA,0,1,0,NA,0.258,NA,NA,NA,NA,NA,NA,NA,0,,
TFB,Folly Beach,Tall,2,9,Short,FJ,allopatric,allopatric,SFJ,SFJ 12,G,2012-12-16,0,0,#DIV/0!,0,NA,NA,0,1,0,NA,0.259,NA,NA,NA,NA,NA,NA,NA,0,,
TFB,Folly Beach,Tall,1,27,Tall,FB,sympatric,sympatric,TFB,TFB 1,E,2012-12-16,0,0,#DIV/0!,0,NA,NA,0,1,0,NA,0.264,NA,NA,NA,NA,NA,NA,NA,0,,
TFB,Folly Beach,Tall,1,13,Tall,BI,sympatric,allopatric,TBI,TBI 17,E,2012-12-16,0,0,#DIV/0!,0,NA,NA,0,1,0,NA,0.271,NA,NA,NA,NA,NA,NA,NA,0,,
TFB,Folly Beach,Tall,1,4,Short,FB,allopatric,allopatric,SFB,SFB 12,D,2012-12-16,0,0,#DIV/0!,0,NA,NA,0,1,0,NA,0.272,NA,NA,NA,NA,NA,NA,NA,0,,
SFJ,Fort Johnson,Short,2,8,Short,BI,sympatric,allopatric,SBI,SBI 9,E,2012-11-16,1,1,9,9,0,1,1,0,1,NA,0.319,NA,NA,NA,NA,NA,NA,NA,0,,
TFB,Folly Beach,Tall,1,2,Tall,BI,sympatric,allopatric,TBI,TBI 3,B,2012-12-16,0,0,#DIV/0!,0,NA,NA,0,1,0,NA,0.33,NA,NA,NA,NA,NA,NA,NA,0,,
TFJ,Fort Johnson,Tall,1,6,Short,FB,allopatric,allopatric,SFB,SFB 19,C,2012-11-16,0,0,#DIV/0!,0,NA,NA,0,1,0,NA,0.339,NA,NA,NA,NA,NA,NA,NA,0,,
TFB,Folly Beach,Tall,2,2,Short,BI,allopatric,allopatric,SBI,SBI 6,E,2012-12-16,1,1,17,17,0,1,1,0,1,NA,0.356,NA,NA,NA,NA,NA,NA,NA,0,,
SFJ,Fort Johnson,Short,2,1,Short,FJ,sympatric,sympatric,SFJ,SFJ 7,E,2012-11-16,0,0,#DIV/0!,0,NA,NA,0,1,0,NA,0.367,NA,NA,NA,NA,NA,NA,NA,0,,
TFB,Folly Beach,Tall,1,18,Tall,BI,sympatric,allopatric,TBI,TBI 4,E,2012-12-16,0,0,#DIV/0!,0,NA,NA,0,1,0,NA,0.379,NA,NA,NA,NA,NA,NA,NA,0,,
TFB,Folly Beach,Tall,2,7,Tall,BI,sympatric,allopatric,TBI,TBI 1,F,2012-12-16,0,0,#DIV/0!,0,NA,NA,0,1,0,NA,0.392,NA,NA,NA,NA,NA,NA,NA,0,,
TFB,Folly Beach,Tall,1,5,Short,FJ,allopatric,allopatric,SFJ,SFJ 7,G,2012-12-16,0,0,#DIV/0!,0,NA,NA,0,1,0,NA,0.395,NA,NA,NA,NA,NA,NA,NA,0,,
TFB,Folly Beach,Tall,1,17,Short,FB,allopatric,allopatric,SFB,SFB 6,C,2012-12-16,0,0,#DIV/0!,0,NA,NA,0,1,0,NA,0.395,NA,NA,NA,NA,NA,NA,NA,0,,
SFB,Folly Beach,Short,1,30,Short,FJ,sympatric,allopatric,SFJ,SFJ 9,H,12/13/16,0,0,#DIV/0!,0,NA,NA,0,1,0,NA,0.406,NA,NA,NA,NA,NA,NA,NA,0,,
TFB,Folly Beach,Tall,2,30,Short,BI,allopatric,allopatric,SBI,SBI 9,A,2012-12-16,0,0,#DIV/0!,0,NA,NA,0,1,0,NA,0.412,NA,NA,NA,NA,NA,NA,NA,0,,
TFB,Folly Beach,Tall,1,8,Short,BI,allopatric,allopatric,SBI,SBI 7,F,2012-12-16,0,0,#DIV/0!,0,NA,NA,0,1,0,NA,0.431,NA,NA,NA,NA,NA,NA,NA,0,,
TFB,Folly Beach,Tall,1,7,Short,FB,allopatric,allopatric,SFB,SFB 4,E,2012-12-16,0,0,#DIV/0!,0,NA,NA,0,1,0,NA,0.513,NA,NA,NA,NA,NA,NA,NA,0,,
TFB,Folly Beach,Tall,1,19,Short,FJ,allopatric,allopatric,SFJ,SFJ 16,B,2012-12-16,0,0,#DIV/0!,0,NA,NA,0,1,0,NA,0.532,NA,NA,NA,NA,NA,NA,NA,0,,
SFJ,Fort Johnson,Short,1,4,Tall,FJ,allopatric,allopatric,TFJ,TFJ 9,C,2012-11-16,0,0,#DIV/0!,0,NA,NA,0,1,0,NA,0.579,NA,NA,NA,NA,NA,NA,NA,0,,
TFJ,Fort Johnson,Tall,2,16,Tall,FJ,sympatric,sympatric,TFJ,TFJ 24,E,2012-11-16,1,1,4,4,0,1,1,0,1,NA,0.598,NA,NA,NA,NA,NA,NA,NA,0,,
SBI,Bowens Island,Short,2,27,Tall,FJ,allopatric,allopatric,TFJ,TFJ 13,D,12/13/16,0,0,#DIV/0!,0,NA,NA,0,1,0,NA,0.6,NA,NA,NA,NA,NA,NA,NA,0,,
SFJ,Fort Johnson,Short,1,11,Tall,FB,allopatric,allopatric,TFB,TFB 5,D,2012-11-16,1,1,19.5,19.5,0,1,1,0,1,NA,0.625,NA,NA,NA,NA,NA,NA,NA,0,,
TFB,Folly Beach,Tall,1,30,Short,FJ,allopatric,allopatric,SFJ,SFJ 13,B,2012-12-16,0,0,#DIV/0!,0,NA,NA,0,1,0,NA,0.625,NA,NA,NA,NA,NA,NA,NA,0,,
TFB,Folly Beach,Tall,2,1,Tall,BI,sympatric,allopatric,TBI,TBI 11,F,2012-12-16,0,0,#DIV/0!,0,NA,NA,0,1,0,NA,0.631,NA,NA,NA,NA,NA,NA,NA,0,,
TFB,Folly Beach,Tall,1,9,Tall,FJ,sympatric,allopatric,TFJ,TFJ 19,B,2012-12-16,0,0,#DIV/0!,0,NA,NA,0,1,0,NA,0.69,NA,NA,NA,NA,NA,NA,NA,0,,
TFB,Folly Beach,Tall,2,16,Tall,BI,sympatric,allopatric,TBI,TBI 19,C,2012-12-16,0,0,#DIV/0!,0,NA,NA,0,1,0,NA,0.709,NA,NA,NA,NA,NA,NA,NA,0,,
TFJ,Fort Johnson,Tall,2,23,Short,BI,allopatric,allopatric,SBI,SBI 10,H,2012-11-16,1,1,56,56,0,1,1,0,1,NA,0.722,NA,NA,NA,NA,NA,NA,NA,0,,
TFB,Folly Beach,Tall,1,15,Short,BI,allopatric,allopatric,SBI,SBI 10,F,2012-12-16,0,0,#DIV/0!,0,NA,NA,0,1,0,NA,0.73,NA,NA,NA,NA,NA,NA,NA,0,,
TFB,Folly Beach,Tall,2,18,Short,FJ,allopatric,allopatric,SFJ,SFJ 20,A,2012-12-16,0,0,#DIV/0!,0,NA,NA,0,1,0,NA,0.799,NA,NA,NA,NA,NA,NA,NA,0,,
TFB,Folly Beach,Tall,1,6,Tall,FB,sympatric,sympatric,TFB,TFB 12,C,2012-12-16,0,0,#DIV/0!,0,NA,NA,0,1,0,NA,0.87,NA,NA,NA,NA,NA,NA,NA,0,,
TFJ,Fort Johnson,Tall,2,15,Short,FB,allopatric,allopatric,SFB,SFB 2,G,2012-11-16,,,#DIV/0!,0,NA,NA,NA,NA,,NA,0.99,NA,NA,NA,NA,NA,NA,NA,0,,
TFJ,Fort Johnson,Tall,1,2,Short,FJ,allopatric,allopatric,SFJ,SFJ 7,F,2012-11-16,0,0,#DIV/0!,0,NA,NA,0,1,0,NA,1.018,NA,NA,NA,NA,NA,NA,NA,0,,
SFJ,Fort Johnson,Short,1,26,Tall,BI,allopatric,allopatric,TBI,TBI 4,D,2012-11-16,0,0,#DIV/0!,0,NA,NA,0,1,0,NA,1.035,NA,NA,NA,NA,NA,NA,NA,0,,
SBI,Bowens Island,Short,2,5,Short,FB,sympatric,allopatric,SFB,SFB 4,B,12/13/16,1,2,12,14,0,1,1,0,2,NA,1.219,NA,NA,NA,NA,NA,NA,NA,0,,
SFJ,Fort Johnson,Short,1,25,Tall,BI,allopatric,allopatric,TBI,TBI 1,A,2012-11-16,1,16,20.4375,41,1,0,1,0,16,NA,15.419,NA,NA,TBI-1,1,1,1,170,1,,
SFJ,Fort Johnson,Short,2,13,Short,FJ,sympatric,sympatric,SFJ,SFJ 12,C,2012-11-16,0,0,#DIV/0!,0,NA,NA,0,1,0,0.039,NA,NA,NA,NA,NA,NA,NA,NA,0,,
SFJ,Fort Johnson,Short,1,29,Short,BI,sympatric,allopatric,SBI,SBI 6,G,,,,#DIV/0!,0,NA,NA,NA,NA,,NA,NA,NA,NA,NA,NA,NA,NA,NA,0,,
SFJ,Fort Johnson,Short,1,30,Short,FB,sympatric,allopatric,SFB,SFB 9,D,,,,#DIV/0!,0,NA,NA,NA,NA,,NA,NA,NA,NA,NA,NA,NA,NA,NA,0,,
SFJ,Fort Johnson,Short,2,25,Short,FB,sympatric,allopatric,SFB,SFB 11,H,2012-11-16,1,17,18.11764706,42,0,1,1,0,17,NA,NA,NA,NA,NA,NA,NA,NA,NA,0,,
TFB,Folly Beach,Tall,1,20,Short,BI,allopatric,allopatric,SBI,SBI 15,E,2012-12-16,0,0,#DIV/0!,0,NA,NA,0,1,0,NA,NA,NA,NA,NA,NA,NA,NA,NA,0,,
TFJ,Fort Johnson,Tall,1,16,Tall,BI,sympatric,allopatric,TBI,TBI 4,C,2012-11-16,0,0,#DIV/0!,0,NA,NA,0,1,0,NA,NA,NA,NA,NA,NA,NA,NA,NA,0,,
TFJ,Fort Johnson,Tall,1,17,Tall,FB,sympatric,allopatric,TFB,TFB 10,H,2012-11-16,0,0,#DIV/0!,0,NA,NA,0,1,0,NA,NA,NA,NA,NA,NA,NA,NA,NA,0,,
TFJ,Fort Johnson,Tall,1,18,Short,BI,allopatric,allopatric,SBI,SBI 20,A,2012-11-16,,,#DIV/0!,0,NA,NA,NA,NA,,NA,NA,NA,NA,NA,NA,NA,NA,NA,0,,
TFJ,Fort Johnson,Tall,1,21,Short,FB,allopatric,allopatric,SFB,SFB 23,D,2012-11-16,,,#DIV/0!,0,NA,NA,NA,NA,,NA,NA,NA,NA,NA,NA,NA,NA,NA,0,,
TFJ,Fort Johnson,Tall,1,22,Tall,BI,sympatric,allopatric,TBI,TBI 14,A,2012-11-16,0,0,#DIV/0!,0,NA,NA,0,1,0,NA,NA,NA,NA,NA,NA,NA,NA,NA,0,,
TFJ,Fort Johnson,Tall,1,25,Short,FJ,allopatric,allopatric,SFJ,SFJ 9,F,2012-11-16,0,0,#DIV/0!,0,NA,NA,0,1,0,NA,NA,NA,NA,NA,NA,NA,NA,NA,0,,
TFJ,Fort Johnson,Tall,1,30,Tall,FJ,sympatric,sympatric,TFJ,TFJ 16,Z,2012-11-16,0,0,#DIV/0!,0,NA,NA,0,1,0,NA,NA,NA,NA,NA,NA,NA,NA,NA,0,,
TFJ,Fort Johnson,Tall,2,1,Tall,FJ,sympatric,sympatric,TFJ,TFJ 5,A,2012-11-16,0,0,#DIV/0!,0,NA,NA,0,1,0,NA,NA,NA,NA,NA,NA,NA,NA,NA,0,,
TFJ,Fort Johnson,Tall,2,12,Short,FB,allopatric,allopatric,SFB,SFB 9,F,2012-11-16,0,0,#DIV/0!,0,NA,NA,0,1,0,NA,NA,NA,NA,NA,NA,NA,NA,NA,0,,
TFJ,Fort Johnson,Tall,2,21,Short,FB,allopatric,allopatric,SFB,SFB 12,E,2012-11-16,0,0,#DIV/0!,0,NA,NA,0,1,0,NA,NA,NA,NA,NA,NA,NA,NA,NA,0,,
TFJ,Fort Johnson,Tall,2,24,Tall,FB,sympatric,allopatric,TFB,TFB 13,A,2012-11-16,,,#DIV/0!,0,NA,NA,NA,NA,,NA,NA,NA,NA,NA,NA,NA,NA,NA,0,,
TFJ,Fort Johnson,Tall,2,25,Short,FB,allopatric,allopatric,SFB,SFB 4,A,2012-11-16,,,#DIV/0!,0,NA,NA,NA,NA,,NA,NA,NA,NA,NA,NA,NA,NA,NA,0,,
TFJ,Fort Johnson,Tall,2,27,Tall,FB,sympatric,allopatric,TFB,TFB 3,F,2012-11-16,,,#DIV/0!,0,NA,NA,NA,NA,,NA,NA,NA,NA,NA,NA,NA,NA,NA,0,,
TFJ,Fort Johnson,Tall,2,28,Tall,BI,sympatric,allopatric,TBI,TBI 22,C,2012-11-16,,,#DIV/0!,0,NA,NA,NA,NA,,NA,NA,NA,NA,NA,NA,NA,NA,NA,0,,
TFJ,Fort Johnson,Tall,2,29,Tall,FB,sympatric,allopatric,TFB,TFB 3,E,2012-11-16,,,#DIV/0!,0,NA,NA,NA,NA,,NA,NA,NA,NA,NA,NA,NA,NA,NA,0,,
TFJ,Fort Johnson,Tall,2,30,Short,FJ,allopatric,allopatric,SFJ,SFJ 22,C,2012-11-16,,,#DIV/0!,0,NA,NA,NA,NA,,NA,NA,NA,NA,NA,NA,NA,NA,NA,0,,